,"Provider Name","Provider Address","Provider City","Provider State","Provider Zip Code",sum,Latitude,Longitude,"Accuracy Score","Accuracy Type",Number,Street,City,State,County,Zip,Country,Source
0,"LYTLE NURSING HOME","15366 OAK ST",LYTLE,TX,78052,6.0,29.229874,-98.801419,1,rooftop,15366,"Oak St",Lytle,TX,"Atascosa County",78052,US,"Statewide Partial"
1,"COLONIAL MANOR CARE CENTER","821 US HWY 81 W","NEW BRAUNFELS",TX,78130,9.0,29.696878,-98.070726,0.33,place,,,"New Braunfels",TX,"Comal County",78130,US,"TIGER/Line® dataset from the US Census Bureau"
2,"COLONIAL MANOR CARE CENTER","821 US HWY 81 W","NEW BRAUNFELS",TX,78130,9.0,29.696878,-98.070726,0.33,place,,,"New Braunfels",TX,"Comal County",78130,US,"TIGER/Line® dataset from the US Census Bureau"
3,"COLONIAL MANOR CARE CENTER","821 US HWY 81 W","NEW BRAUNFELS",TX,78130,9.0,29.696878,-98.070726,0.33,place,,,"New Braunfels",TX,"Comal County",78130,US,"TIGER/Line® dataset from the US Census Bureau"
4,"THE ARBORS HEALTHCARE AND REHABILITATION CENTER","1884 LOOP 343 WEST",RUSK,TX,75785,3.0,31.813578,-95.0965,0.33,place,,,Rusk,TX,"Cherokee County",75785,US,"TIGER/Line® dataset from the US Census Bureau"
5,"REGAL HEALTHCARE RESIDENCE","1000 AVE J",LAMPASAS,TX,76550,6.0,31.183225,-98.236306,1,place,,,Lampasas,TX,"Lampasas County",76550,US,"TIGER/Line® dataset from the US Census Bureau"
6,"OAK CREST NURSING CENTER","1902 FM 3036",ROCKPORT,TX,78382,9.0,28.062329,-97.055259,1,rooftop,1902,"FM 3036",Rockport,TX,"Aransas County",78382,US,"Statewide Partial"
7,"OAK CREST NURSING CENTER","1902 FM 3036",ROCKPORT,TX,78382,9.0,28.062329,-97.055259,1,rooftop,1902,"FM 3036",Rockport,TX,"Aransas County",78382,US,"Statewide Partial"
8,"FOCUSED CARE AT SHERMAN","817 W CENTER",SHERMAN,TX,75090,1.0,33.628709,-96.616812,0.9,rooftop,817,"W Ctr",Sherman,TX,"Grayson County",75092,US,"City of Denison"
9,"TEXAN NURSING & REHAB OF GONZALES","3428 MOULTON RD",GONZALES,TX,78629,3.0,29.543029,-97.543969,0.33,place,,,Gonzales,TX,"Gonzales County",78629,US,"TIGER/Line® dataset from the US Census Bureau"
10,"NORTH PARK HEALTH AND REHABILITATION CENTER","1720 N MCDONALD",MCKINNEY,TX,75069,5.0,33.222633,-96.612483,1,rooftop,1720,"N McDonald St",McKinney,TX,"Collin County",75069,US,Plano
11,"WINDSOR CARE CENTER","250 W BRITISH FLYING SCHOOL BLVD",TERRELL,TX,75160,3.0,32.758408,-96.301323,0.33,place,,,Terrell,TX,"Kaufman County",75160,US,"TIGER/Line® dataset from the US Census Bureau"
12,"BIRCHWOOD NURSING AND REHABILITATION LP","110 W HWY 64",COOPER,TX,75432,1.0,33.375343,-95.700337,1,rooftop,110,"Tx Hwy 64 W",Cooper,TX,"Delta County",75432,US,Delta
13,"BIRCHWOOD NURSING AND REHABILITATION LP","110 W HWY 64",COOPER,TX,75432,1.0,33.375343,-95.700337,1,rooftop,110,"Tx Hwy 64 W",Cooper,TX,"Delta County",75432,US,Delta
14,"LAMUN-LUSK-SANCHEZ TEXAS STATE VETERANS HOME","1809 N HWY 87","BIG SPRING",TX,79720,1.0,32.236424,-101.472269,1,range_interpolation,1809,"Us Hwy 87","Big Spring",TX,"Howard County",79720,US,"TIGER/Line® dataset from the US Census Bureau"
15,"CRANE NURSING & REHABILITATION CENTER","699 CAMPUS DR",CRANE,TX,79731,1.0,31.393125,-102.363448,1,rooftop,699,"Campus Dr",Crane,TX,"Crane County",79731,US,"Statewide Partial"
16,"COUNTRY CARE MANOR","2736 FARM TO MARKET 775","LA VERNIA",TX,78121,4.0,29.34551,-98.087356,0.33,place,,,"La Vernia",TX,"Wilson County",78121,US,"TIGER/Line® dataset from the US Census Bureau"
17,"WINFIELD REHAB & NURSING","1108 E LOOP 304",CROCKETT,TX,75835,2.0,31.32338,-95.437923,1,rooftop,1108,"E Loop 304",Crockett,TX,"Houston County",75835,US,"Statewide Partial"
18,"WILLOW REHAB & NURSING","1901 WHIPPOORWILL",KILGORE,TX,75662,3.0,32.370876,-94.859625,1,range_interpolation,1901,"Whippoorwill Ln",Kilgore,TX,"Gregg County",75662,US,"TIGER/Line® dataset from the US Census Bureau"
19,"WILLOW REHAB & NURSING","1901 WHIPPOORWILL",KILGORE,TX,75662,3.0,32.370876,-94.859625,1,range_interpolation,1901,"Whippoorwill Ln",Kilgore,TX,"Gregg County",75662,US,"TIGER/Line® dataset from the US Census Bureau"
20,"TOWN HALL ESTATES WHITNEY INC","101 SAN MARCUS",WHITNEY,TX,76692,5.0,31.95092,-97.323351,0.9,rooftop,101,"N San Marcos St",Whitney,TX,"Hill County",76692,US,"Statewide Partial"
21,"BANDERA NURSING & REHAB CENTER","222 FM 1077",BANDERA,TX,78003,7.0,29.724328,-99.104014,0.33,place,,,Bandera,TX,"Bandera County",78003,US,"TIGER/Line® dataset from the US Census Bureau"
22,"SCC AT WESTOVER HILLS REHABILITATION AND HEALTHCAR","9922 STATE HWY. 151","SAN ANTONIO",TX,78251,4.0,29.445351,-98.677167,1,rooftop,9922,"State Highway 151","San Antonio",TX,"Bexar County",78251,US,Bexar
23,"SCC AT WESTOVER HILLS REHABILITATION AND HEALTHCAR","9922 STATE HWY. 151","SAN ANTONIO",TX,78251,4.0,29.445351,-98.677167,1,rooftop,9922,"State Highway 151","San Antonio",TX,"Bexar County",78251,US,Bexar
24,"AUTUMN WINDS LIVING & REHABILITATION","3301 FM 3009",SCHERTZ,TX,78154,8.0,29.58399,-98.267774,1,rooftop,3301,"FM 3009",Schertz,TX,"Guadalupe County",78154,US,Guadalupe
25,"AUTUMN WINDS LIVING & REHABILITATION","3301 FM 3009",SCHERTZ,TX,78154,8.0,29.58399,-98.267774,1,rooftop,3301,"FM 3009",Schertz,TX,"Guadalupe County",78154,US,Guadalupe
26,"THE RIO AT MAINLAND CENTER","1011 MAINLAND CENTER DR","TEXAS CITY",TX,77591,2.0,29.391934,-94.988437,1,rooftop,1011,"Mainland Center Dr","Texas City",TX,"Galveston County",77591,US,Galveston
27,"THE RIO AT MAINLAND CENTER","1011 MAINLAND CENTER DR","TEXAS CITY",TX,77591,2.0,29.391934,-94.988437,1,rooftop,1011,"Mainland Center Dr","Texas City",TX,"Galveston County",77591,US,Galveston
28,"HARMONEE HOUSE","1400 MAIN ST",AMHERST,TX,79312,1.0,34.006265,-102.419315,1,rooftop,1400,"Main St",Amherst,TX,"Lamb County",79312,US,"Statewide Partial"
29,"HARMONEE HOUSE","1400 MAIN ST",AMHERST,TX,79312,1.0,34.006265,-102.419315,1,rooftop,1400,"Main St",Amherst,TX,"Lamb County",79312,US,"Statewide Partial"
30,"BRIGHTPOINTE AT RIVERSHIRE","604 S CONROE MEDICAL DR",CONROE,TX,77304,1.0,30.284338,-95.47335,0.9,rooftop,604,"S Conroe Medical Dr",Conroe,TX,"Montgomery County",77305,US,Montgomery
31,"CIMARRON PARK NURSING AND REHABILITATION CENTER","7441 PASEO DEL NORTE","EL PASO",TX,79911,1.0,31.886924,-106.567008,1,rooftop,7441,"Paseo Del Norte","El Paso",TX,"El Paso County",79911,US,"El Paso"
32,"ELKHART OAKS CARE CENTER","214 JONES RD",ELKHART,TX,75839,3.0,31.619122,-95.579002,1,rooftop,214,"Jones Rd",Elkhart,TX,"Anderson County",75839,US,Anderson
33,"ELKHART OAKS CARE CENTER","214 JONES RD",ELKHART,TX,75839,3.0,31.619122,-95.579002,1,rooftop,214,"Jones Rd",Elkhart,TX,"Anderson County",75839,US,Anderson
34,"OAKMONT HEALTHCARE AND REHABILITATION CENTER OF KA","1525 TULL DR",KATY,TX,77449,2.0,29.790404,-95.741934,1,rooftop,1525,"Tull Dr",Katy,TX,"Harris County",77449,US,"Greater Houston"
35,"OAKMONT HEALTHCARE AND REHABILITATION CENTER OF KA","1525 TULL DR",KATY,TX,77449,2.0,29.790404,-95.741934,1,rooftop,1525,"Tull Dr",Katy,TX,"Harris County",77449,US,"Greater Houston"
36,"CISCO NURSING & REHABILITATION","1404 FRONT ST",CISCO,TX,76437,2.0,32.375851,-98.992052,1,rooftop,1404,"Front St",Cisco,TX,"Eastland County",76437,US,"Statewide Partial"
37,"CISCO NURSING & REHABILITATION","1404 FRONT ST",CISCO,TX,76437,2.0,32.375851,-98.992052,1,rooftop,1404,"Front St",Cisco,TX,"Eastland County",76437,US,"Statewide Partial"
38,"CISCO NURSING & REHABILITATION","1404 FRONT ST",CISCO,TX,76437,2.0,32.375851,-98.992052,1,rooftop,1404,"Front St",Cisco,TX,"Eastland County",76437,US,"Statewide Partial"
39,"CISCO NURSING & REHABILITATION","1404 FRONT ST",CISCO,TX,76437,2.0,32.375851,-98.992052,1,rooftop,1404,"Front St",Cisco,TX,"Eastland County",76437,US,"Statewide Partial"
40,"DFW NURSING & REHAB","900 W LEUDA ST","FORT WORTH",TX,76104,2.0,32.736668,-97.334598,1,rooftop,900,"W Leuda St","Fort Worth",TX,"Tarrant County",76104,US,"Tarrant County"
41,"SWEETWATER HEALTHCARE CENTER","1600 JOSEPHINE ST",SWEETWATER,TX,79556,1.0,32.478985,-100.390477,1,rooftop,1600,"Josephine St",Sweetwater,TX,"Nolan County",79556,US,Nolan
42,"KENNEDY HEALTH & REHAB","504 N JOHN REDDITT DR",LUFKIN,TX,75904,5.0,31.336661,-94.761191,1,rooftop,504,"N John Redditt Dr",Lufkin,TX,"Angelina County",75904,US,"Statewide Partial"
43,"KENNEDY HEALTH & REHAB","504 N JOHN REDDITT DR",LUFKIN,TX,75904,5.0,31.336661,-94.761191,1,rooftop,504,"N John Redditt Dr",Lufkin,TX,"Angelina County",75904,US,"Statewide Partial"
44,"KENNEDY HEALTH & REHAB","504 N JOHN REDDITT DR",LUFKIN,TX,75904,5.0,31.336661,-94.761191,1,rooftop,504,"N John Redditt Dr",Lufkin,TX,"Angelina County",75904,US,"Statewide Partial"
45,"LINDALE HEALTHCARE CENTER","215 MARGARET ST",LINDALE,TX,75771,2.0,32.522174,-95.412406,0.9,range_interpolation,215,"W Margaret St",Lindale,TX,"Smith County",75771,US,"TIGER/Line® dataset from the US Census Bureau"
46,"LINDALE HEALTHCARE CENTER","215 MARGARET ST",LINDALE,TX,75771,2.0,32.522174,-95.412406,0.9,range_interpolation,215,"W Margaret St",Lindale,TX,"Smith County",75771,US,"TIGER/Line® dataset from the US Census Bureau"
47,"RETAMA MANOR NURSING CENTER","2322 MORGAN AVE","CORPUS CHRISTI",TX,78405,10.0,27.778089,-97.41543,1,range_interpolation,2322,"Morgan Ave","Corpus Christi",TX,"Nueces County",78405,US,"TIGER/Line® dataset from the US Census Bureau"
48,"RETAMA MANOR NURSING CENTER","2322 MORGAN AVE","CORPUS CHRISTI",TX,78405,10.0,27.778089,-97.41543,1,range_interpolation,2322,"Morgan Ave","Corpus Christi",TX,"Nueces County",78405,US,"TIGER/Line® dataset from the US Census Bureau"
49,"RETAMA MANOR NURSING CENTER","2322 MORGAN AVE","CORPUS CHRISTI",TX,78405,10.0,27.778089,-97.41543,1,range_interpolation,2322,"Morgan Ave","Corpus Christi",TX,"Nueces County",78405,US,"TIGER/Line® dataset from the US Census Bureau"
50,"RETAMA MANOR NURSING CENTER","2322 MORGAN AVE","CORPUS CHRISTI",TX,78405,10.0,27.778089,-97.41543,1,range_interpolation,2322,"Morgan Ave","Corpus Christi",TX,"Nueces County",78405,US,"TIGER/Line® dataset from the US Census Bureau"
51,"RETAMA MANOR NURSING CENTER","2322 MORGAN AVE","CORPUS CHRISTI",TX,78405,10.0,27.778089,-97.41543,1,range_interpolation,2322,"Morgan Ave","Corpus Christi",TX,"Nueces County",78405,US,"TIGER/Line® dataset from the US Census Bureau"
52,"WESTERN HILLS HEALTHCARE RESIDENCE","400 OLD SIDNEY RD",COMANCHE,TX,76442,1.0,31.900545,-98.619057,1,rooftop,400,"Old Sidney Rd",Comanche,TX,"Comanche County",76442,US,Comanche
53,"WESTERN HILLS HEALTHCARE RESIDENCE","400 OLD SIDNEY RD",COMANCHE,TX,76442,1.0,31.900545,-98.619057,1,rooftop,400,"Old Sidney Rd",Comanche,TX,"Comanche County",76442,US,Comanche
54,"WESTERN HILLS HEALTHCARE RESIDENCE","400 OLD SIDNEY RD",COMANCHE,TX,76442,1.0,31.900545,-98.619057,1,rooftop,400,"Old Sidney Rd",Comanche,TX,"Comanche County",76442,US,Comanche
55,"NORTHERN OAKS LIVING & REHABILITATION CENTER","2722 OLD ANSON RD",ABILENE,TX,79603,2.0,32.484312,-99.746198,1,rooftop,2722,"Old Anson Rd",Abilene,TX,"Taylor County",79603,US,"City of Abilene"
56,"NORTHERN OAKS LIVING & REHABILITATION CENTER","2722 OLD ANSON RD",ABILENE,TX,79603,2.0,32.484312,-99.746198,1,rooftop,2722,"Old Anson Rd",Abilene,TX,"Taylor County",79603,US,"City of Abilene"
57,"NORTHERN OAKS LIVING & REHABILITATION CENTER","2722 OLD ANSON RD",ABILENE,TX,79603,2.0,32.484312,-99.746198,1,rooftop,2722,"Old Anson Rd",Abilene,TX,"Taylor County",79603,US,"City of Abilene"
58,"ARLINGTON HEIGHTS HEALTH AND REHABILITATION CENTER","4825 WELLESLEY ST","FORT WORTH",TX,76107,5.0,32.724855,-97.392709,1,rooftop,4825,"Wellesley Ave","Fort Worth",TX,"Tarrant County",76107,US,"Tarrant County"
59,"ARLINGTON HEIGHTS HEALTH AND REHABILITATION CENTER","4825 WELLESLEY ST","FORT WORTH",TX,76107,5.0,32.724855,-97.392709,1,rooftop,4825,"Wellesley Ave","Fort Worth",TX,"Tarrant County",76107,US,"Tarrant County"
60,"ARLINGTON HEIGHTS HEALTH AND REHABILITATION CENTER","4825 WELLESLEY ST","FORT WORTH",TX,76107,5.0,32.724855,-97.392709,1,rooftop,4825,"Wellesley Ave","Fort Worth",TX,"Tarrant County",76107,US,"Tarrant County"
61,"PEBBLE CREEK NURSING CENTER","11608 SCOTT SIMPSON DR","EL PASO",TX,79936,7.0,31.745444,-106.301002,1,rooftop,11608,"Scott Simpson","El Paso",TX,"El Paso County",79936,US,"El Paso"
62,"THE PALMS NURSING & REHABILITATION","5607 EVERHART RD","CORPUS CHRISTI",TX,78411,8.0,27.70687,-97.389379,1,range_interpolation,5607,"Everhart Rd","Corpus Christi",TX,"Nueces County",78411,US,"TIGER/Line® dataset from the US Census Bureau"
63,"THE PALMS NURSING & REHABILITATION","5607 EVERHART RD","CORPUS CHRISTI",TX,78411,8.0,27.70687,-97.389379,1,range_interpolation,5607,"Everhart Rd","Corpus Christi",TX,"Nueces County",78411,US,"TIGER/Line® dataset from the US Census Bureau"
64,"CORPUS NURSING AND REHABILITATION LP","1314 3RD STREET","CORPUS CHRISTI",TX,78401,14.0,27.778879,-97.396444,0.9,range_interpolation,1314,"3rd St","Corpus Christi",TX,"Nueces County",78404,US,"TIGER/Line® dataset from the US Census Bureau"
65,"CORPUS NURSING AND REHABILITATION LP","1314 3RD STREET","CORPUS CHRISTI",TX,78401,14.0,27.778879,-97.396444,0.9,range_interpolation,1314,"3rd St","Corpus Christi",TX,"Nueces County",78404,US,"TIGER/Line® dataset from the US Census Bureau"
66,"CORPUS NURSING AND REHABILITATION LP","1314 3RD STREET","CORPUS CHRISTI",TX,78401,14.0,27.778879,-97.396444,0.9,range_interpolation,1314,"3rd St","Corpus Christi",TX,"Nueces County",78404,US,"TIGER/Line® dataset from the US Census Bureau"
67,"WILLOWBROOK NURSING CENTER","227 RUSSELL BLVD",NACOGDOCHES,TX,75965,5.0,31.655825,-94.654208,1,rooftop,227,"Russell Blvd",Nacogdoches,TX,"Nacogdoches County",75965,US,Nacogdoches
68,"TEXAS INSTITUTE FOR CLINICALLY COMPLEX CARE","10851 CRESCENT MOON DR",HOUSTON,TX,77064,6.0,29.925814,-95.581716,1,rooftop,10851,"Crescent Moon Dr",Houston,TX,"Harris County",77064,US,"Greater Houston"
69,"TEXAS INSTITUTE FOR CLINICALLY COMPLEX CARE","10851 CRESCENT MOON DR",HOUSTON,TX,77064,6.0,29.925814,-95.581716,1,rooftop,10851,"Crescent Moon Dr",Houston,TX,"Harris County",77064,US,"Greater Houston"
70,"TEXAS INSTITUTE FOR CLINICALLY COMPLEX CARE","10851 CRESCENT MOON DR",HOUSTON,TX,77064,6.0,29.925814,-95.581716,1,rooftop,10851,"Crescent Moon Dr",Houston,TX,"Harris County",77064,US,"Greater Houston"
71,"TEXAS INSTITUTE FOR CLINICALLY COMPLEX CARE","10851 CRESCENT MOON DR",HOUSTON,TX,77064,6.0,29.925814,-95.581716,1,rooftop,10851,"Crescent Moon Dr",Houston,TX,"Harris County",77064,US,"Greater Houston"
72,"OAKMONT HEALTHCARE AND REHABILITATION CENTER OF HU","8450 WILL CLAYTON PKWY",HUMBLE,TX,77338,8.0,29.978121,-95.25721,1,rooftop,8450,"Will Clayton Pkwy",Humble,TX,"Harris County",77338,US,Houston
73,"OAKMONT HEALTHCARE AND REHABILITATION CENTER OF HU","8450 WILL CLAYTON PKWY",HUMBLE,TX,77338,8.0,29.978121,-95.25721,1,rooftop,8450,"Will Clayton Pkwy",Humble,TX,"Harris County",77338,US,Houston
74,"OAKMONT HEALTHCARE AND REHABILITATION CENTER OF HU","8450 WILL CLAYTON PKWY",HUMBLE,TX,77338,8.0,29.978121,-95.25721,1,rooftop,8450,"Will Clayton Pkwy",Humble,TX,"Harris County",77338,US,Houston
75,"OAKMONT HEALTHCARE AND REHABILITATION CENTER OF HU","8450 WILL CLAYTON PKWY",HUMBLE,TX,77338,8.0,29.978121,-95.25721,1,rooftop,8450,"Will Clayton Pkwy",Humble,TX,"Harris County",77338,US,Houston
76,"PARK HIGHLANDS NURSING & REHABILITATION CENTER","711 LUCAS ST",ATHENS,TX,75751,6.0,32.189945,-95.848167,1,range_interpolation,711,"Lucas Dr",Athens,TX,"Henderson County",75751,US,"TIGER/Line® dataset from the US Census Bureau"
77,"PARK HIGHLANDS NURSING & REHABILITATION CENTER","711 LUCAS ST",ATHENS,TX,75751,6.0,32.189945,-95.848167,1,range_interpolation,711,"Lucas Dr",Athens,TX,"Henderson County",75751,US,"TIGER/Line® dataset from the US Census Bureau"
78,"PARK HIGHLANDS NURSING & REHABILITATION CENTER","711 LUCAS ST",ATHENS,TX,75751,6.0,32.189945,-95.848167,1,range_interpolation,711,"Lucas Dr",Athens,TX,"Henderson County",75751,US,"TIGER/Line® dataset from the US Census Bureau"
79,"GLENVIEW WELLNESS & REHABILITATION","7625 GLENVIEW DR","NORTH RICHLAND HILLS",TX,76180,1.0,32.824402,-97.212975,1,rooftop,7625,"Glenview Dr","North Richland Hills",TX,"Tarrant County",76180,US,"Tarrant County"
80,"SUNRISE NURSING & REHAB CENTER","50 BRIGGS ST","SAN ANTONIO",TX,78224,2.0,29.354411,-98.548129,1,rooftop,50,"Briggs St","San Antonio",TX,"Bexar County",78224,US,Bexar
81,"SUNRISE NURSING & REHAB CENTER","50 BRIGGS ST","SAN ANTONIO",TX,78224,2.0,29.354411,-98.548129,1,rooftop,50,"Briggs St","San Antonio",TX,"Bexar County",78224,US,Bexar
82,"VISTA HILLS HEALTH CARE CENTER","1599 LOMALAND DR","EL PASO",TX,79935,3.0,31.756659,-106.329774,1,rooftop,1599,Lomaland,"El Paso",TX,"El Paso County",79935,US,"El Paso"
83,"FORTRESS NURSING AND REHABILITATION LP","1105 ROCK PRAIRIE RD","COLLEGE STATION",TX,77845,3.0,30.579563,-96.299462,1,rooftop,1105,"Rock Prairie Rd","College Station",TX,"Brazos County",77845,US,Brazos
84,"FIRST COLONY HEALTH AND REHABILITATION CENTER","4710 LEXINGTON BLVD","MISSOURI CITY",TX,77459,3.0,29.601826,-95.580517,1,rooftop,4710,"Lexington Blvd","Missouri City",TX,"Fort Bend County",77459,US,"Greater Houston"
85,"FIRST COLONY HEALTH AND REHABILITATION CENTER","4710 LEXINGTON BLVD","MISSOURI CITY",TX,77459,3.0,29.601826,-95.580517,1,rooftop,4710,"Lexington Blvd","Missouri City",TX,"Fort Bend County",77459,US,"Greater Houston"
86,"FIRST COLONY HEALTH AND REHABILITATION CENTER","4710 LEXINGTON BLVD","MISSOURI CITY",TX,77459,3.0,29.601826,-95.580517,1,rooftop,4710,"Lexington Blvd","Missouri City",TX,"Fort Bend County",77459,US,"Greater Houston"
87,"FIRST COLONY HEALTH AND REHABILITATION CENTER","4710 LEXINGTON BLVD","MISSOURI CITY",TX,77459,3.0,29.601826,-95.580517,1,rooftop,4710,"Lexington Blvd","Missouri City",TX,"Fort Bend County",77459,US,"Greater Houston"
88,"SENIOR CARE OF WINDCREST","8800 FOURWINDS DR","SAN ANTONIO",TX,78239,4.0,29.520331,-98.392805,1,rooftop,8800,"Fourwinds Dr","San Antonio",TX,"Bexar County",78239,US,"San Antonio"
89,"TRINITY HEALTHCARE RESIDENCE","8001 WESTERN HILLS BLVD","FORT WORTH",TX,76108,6.0,32.739536,-97.455871,1,rooftop,8001,"Western Hills Blvd","Fort Worth",TX,"Tarrant County",76108,US,"Tarrant County"
90,"TRINITY HEALTHCARE RESIDENCE","8001 WESTERN HILLS BLVD","FORT WORTH",TX,76108,6.0,32.739536,-97.455871,1,rooftop,8001,"Western Hills Blvd","Fort Worth",TX,"Tarrant County",76108,US,"Tarrant County"
91,"THE MEADOWS HEALTH AND REHABILITATION CENTER","8383 MEADOW RD",DALLAS,TX,75231,4.0,32.886389,-96.758982,1,rooftop,8383,"Meadow Rd",Dallas,TX,"Dallas County",75231,US,Dallas
92,"THE MEADOWS HEALTH AND REHABILITATION CENTER","8383 MEADOW RD",DALLAS,TX,75231,4.0,32.886389,-96.758982,1,rooftop,8383,"Meadow Rd",Dallas,TX,"Dallas County",75231,US,Dallas
93,"TOWN AND COUNTRY MANOR","625 N MAIN ST",BOERNE,TX,78006,7.0,29.799744,-98.732767,1,rooftop,625,"N Main St",Boerne,TX,"Kendall County",78006,US,Kendall
94,"TOWN AND COUNTRY MANOR","625 N MAIN ST",BOERNE,TX,78006,7.0,29.799744,-98.732767,1,rooftop,625,"N Main St",Boerne,TX,"Kendall County",78006,US,Kendall
95,"TOWN AND COUNTRY MANOR","625 N MAIN ST",BOERNE,TX,78006,7.0,29.799744,-98.732767,1,rooftop,625,"N Main St",Boerne,TX,"Kendall County",78006,US,Kendall
96,"WEST SIDE CAMPUS OF CARE","1950 S LAS VEGAS TRAIL","WHITE SETTLEMENT",TX,76108,1.0,32.739655,-97.467186,1,range_interpolation,1950,"S Las Vegas Trl","Fort Worth",TX,"Tarrant County",76108,US,"TIGER/Line® dataset from the US Census Bureau"
97,"WEST SIDE CAMPUS OF CARE","1950 S LAS VEGAS TRAIL","WHITE SETTLEMENT",TX,76108,1.0,32.739655,-97.467186,1,range_interpolation,1950,"S Las Vegas Trl","Fort Worth",TX,"Tarrant County",76108,US,"TIGER/Line® dataset from the US Census Bureau"
98,"THE FORUM AT MEMORIAL WOODS HEALTHCARE CENTER","777 N POST OAK RD",HOUSTON,TX,77024,2.0,29.780451,-95.458651,1,rooftop,777,"N Post Oak Rd",Houston,TX,"Harris County",77024,US,"Greater Houston"
99,"THE FORUM AT MEMORIAL WOODS HEALTHCARE CENTER","777 N POST OAK RD",HOUSTON,TX,77024,2.0,29.780451,-95.458651,1,rooftop,777,"N Post Oak Rd",Houston,TX,"Harris County",77024,US,"Greater Houston"
100,"INTERLOCHEN HEALTH AND REHABILITATION CENTER","2645 W RANDOL MILL RD",ARLINGTON,TX,76012,4.0,32.756998,-97.146388,1,rooftop,2645,"W Randol Mill Rd",Arlington,TX,"Tarrant County",76012,US,"Tarrant County"
101,"INTERLOCHEN HEALTH AND REHABILITATION CENTER","2645 W RANDOL MILL RD",ARLINGTON,TX,76012,4.0,32.756998,-97.146388,1,rooftop,2645,"W Randol Mill Rd",Arlington,TX,"Tarrant County",76012,US,"Tarrant County"
102,"INTERLOCHEN HEALTH AND REHABILITATION CENTER","2645 W RANDOL MILL RD",ARLINGTON,TX,76012,4.0,32.756998,-97.146388,1,rooftop,2645,"W Randol Mill Rd",Arlington,TX,"Tarrant County",76012,US,"Tarrant County"
103,"MISSION MANOR HEALTHCARE RESIDENCE","501 YATES ST","MOUNT VERNON",TX,75457,5.0,33.184159,-95.229297,1,range_interpolation,501,"Yates St","Mount Vernon",TX,"Franklin County",75457,US,"TIGER/Line® dataset from the US Census Bureau"
104,"RETAMA MANOR NURSING CENTER/LAREDO-WEST","1200 LANE",LAREDO,TX,78043,5.0,27.556989,-99.267161,0.33,place,,,Laredo,TX,"Webb County",78043,US,"TIGER/Line® dataset from the US Census Bureau"
105,"RETAMA MANOR NURSING CENTER/LAREDO-WEST","1200 LANE",LAREDO,TX,78043,5.0,27.556989,-99.267161,0.33,place,,,Laredo,TX,"Webb County",78043,US,"TIGER/Line® dataset from the US Census Bureau"
106,"LAKE WORTH NURSING HOME","4220 WELLS DR","LAKE WORTH",TX,76135,4.0,32.81706,-97.447174,1,rooftop,4220,"Wells Dr","Fort Worth",TX,"Tarrant County",76135,US,"Tarrant County"
107,"WEATHERFORD HEALTH CARE CENTER","521 W 7TH ST",WEATHERFORD,TX,76086,2.0,32.777862,-97.806371,1,rooftop,521,"W 7th St",Weatherford,TX,"Parker County",76086,US,"Statewide Partial"
108,"WEATHERFORD HEALTH CARE CENTER","521 W 7TH ST",WEATHERFORD,TX,76086,2.0,32.777862,-97.806371,1,rooftop,521,"W 7th St",Weatherford,TX,"Parker County",76086,US,"Statewide Partial"
109,"AFTON OAKS NURSING CENTER","7514 KINGSLEY ST",HOUSTON,TX,77087,5.0,29.686537,-95.292411,1,rooftop,7514,"Kingsley St",Houston,TX,"Harris County",77087,US,Houston
110,"AFTON OAKS NURSING CENTER","7514 KINGSLEY ST",HOUSTON,TX,77087,5.0,29.686537,-95.292411,1,rooftop,7514,"Kingsley St",Houston,TX,"Harris County",77087,US,Houston
111,"PLUM CREEK HEALTHCARE RESIDENCE","5601 PLUM CREEK DR",AMARILLO,TX,79124,6.0,35.21873,-101.902238,1,rooftop,5601,"Plum Creek Dr",Amarillo,TX,"Potter County",79124,US,"City of Amarillo"
112,"PLUM CREEK HEALTHCARE RESIDENCE","5601 PLUM CREEK DR",AMARILLO,TX,79124,6.0,35.21873,-101.902238,1,rooftop,5601,"Plum Creek Dr",Amarillo,TX,"Potter County",79124,US,"City of Amarillo"
113,"PLUM CREEK HEALTHCARE RESIDENCE","5601 PLUM CREEK DR",AMARILLO,TX,79124,6.0,35.21873,-101.902238,1,rooftop,5601,"Plum Creek Dr",Amarillo,TX,"Potter County",79124,US,"City of Amarillo"
114,"WHARTON NURSING AND REHABILITATION CENTER","1220 SUNNY LANE",WHARTON,TX,77488,4.0,29.318775,-96.083647,1,rooftop,1220,"Sunny Ln",Wharton,TX,"Wharton County",77488,US,Wharton
115,"WHARTON NURSING AND REHABILITATION CENTER","1220 SUNNY LANE",WHARTON,TX,77488,4.0,29.318775,-96.083647,1,rooftop,1220,"Sunny Ln",Wharton,TX,"Wharton County",77488,US,Wharton
116,"WHARTON NURSING AND REHABILITATION CENTER","1220 SUNNY LANE",WHARTON,TX,77488,4.0,29.318775,-96.083647,1,rooftop,1220,"Sunny Ln",Wharton,TX,"Wharton County",77488,US,Wharton
117,"WHARTON NURSING AND REHABILITATION CENTER","1220 SUNNY LANE",WHARTON,TX,77488,4.0,29.318775,-96.083647,1,rooftop,1220,"Sunny Ln",Wharton,TX,"Wharton County",77488,US,Wharton
118,"WHARTON NURSING AND REHABILITATION CENTER","1220 SUNNY LANE",WHARTON,TX,77488,4.0,29.318775,-96.083647,1,rooftop,1220,"Sunny Ln",Wharton,TX,"Wharton County",77488,US,Wharton
119,"PLEASANT SPRINGS HEALTHCARE CENTER","2003 N EDWARDS ST","MOUNT PLEASANT",TX,75455,1.0,33.175151,-94.985984,1,rooftop,2003,"N Edwards","Mount Pleasant",TX,"Titus County",75455,US,Titus
120,"PLEASANT SPRINGS HEALTHCARE CENTER","2003 N EDWARDS ST","MOUNT PLEASANT",TX,75455,1.0,33.175151,-94.985984,1,rooftop,2003,"N Edwards","Mount Pleasant",TX,"Titus County",75455,US,Titus
121,"PLEASANT SPRINGS HEALTHCARE CENTER","2003 N EDWARDS ST","MOUNT PLEASANT",TX,75455,1.0,33.175151,-94.985984,1,rooftop,2003,"N Edwards","Mount Pleasant",TX,"Titus County",75455,US,Titus
122,"WILLOWBROOK RESIDENCE AND REHABILITATION CENTER","13631 ARDFIELD DR",HOUSTON,TX,77070,5.0,29.972523,-95.544843,1,rooftop,13631,"Ardfield Dr",Houston,TX,"Harris County",77070,US,"Greater Houston"
123,"WILLOWBROOK RESIDENCE AND REHABILITATION CENTER","13631 ARDFIELD DR",HOUSTON,TX,77070,5.0,29.972523,-95.544843,1,rooftop,13631,"Ardfield Dr",Houston,TX,"Harris County",77070,US,"Greater Houston"
124,"TREEMONT HEALTHCARE AND REHABILITATION CENTER","5550 HARVEST HILL RD",DALLAS,TX,75230,4.0,32.921437,-96.813917,1,rooftop,5550,"Harvest Hill Rd",Dallas,TX,"Dallas County",75230,US,Dallas
125,"GARDENDALE REHABILITATION AND NURSING CENTER","1521 E RUSK",JACKSONVILLE,TX,75766,6.0,31.964371,-95.246064,1,rooftop,1521,"E Rusk St",Jacksonville,TX,"Cherokee County",75766,US,"Statewide Partial"
126,"GARDENDALE REHABILITATION AND NURSING CENTER","1521 E RUSK",JACKSONVILLE,TX,75766,6.0,31.964371,-95.246064,1,rooftop,1521,"E Rusk St",Jacksonville,TX,"Cherokee County",75766,US,"Statewide Partial"
127,"GARDENDALE REHABILITATION AND NURSING CENTER","1521 E RUSK",JACKSONVILLE,TX,75766,6.0,31.964371,-95.246064,1,rooftop,1521,"E Rusk St",Jacksonville,TX,"Cherokee County",75766,US,"Statewide Partial"
128,"GARDENDALE REHABILITATION AND NURSING CENTER","1521 E RUSK",JACKSONVILLE,TX,75766,6.0,31.964371,-95.246064,1,rooftop,1521,"E Rusk St",Jacksonville,TX,"Cherokee County",75766,US,"Statewide Partial"
129,"GARDENDALE REHABILITATION AND NURSING CENTER","1521 E RUSK",JACKSONVILLE,TX,75766,6.0,31.964371,-95.246064,1,rooftop,1521,"E Rusk St",Jacksonville,TX,"Cherokee County",75766,US,"Statewide Partial"
130,"PARIS HEALTHCARE CENTER","610 DESHONG DR",PARIS,TX,75460,3.0,33.687585,-95.551332,1,rooftop,610,"Deshong Dr",Paris,TX,"Lamar County",75460,US,Lamar
131,"PARIS HEALTHCARE CENTER","610 DESHONG DR",PARIS,TX,75460,3.0,33.687585,-95.551332,1,rooftop,610,"Deshong Dr",Paris,TX,"Lamar County",75460,US,Lamar
132,"PARIS HEALTHCARE CENTER","610 DESHONG DR",PARIS,TX,75460,3.0,33.687585,-95.551332,1,rooftop,610,"Deshong Dr",Paris,TX,"Lamar County",75460,US,Lamar
133,"PARIS HEALTHCARE CENTER","610 DESHONG DR",PARIS,TX,75460,3.0,33.687585,-95.551332,1,rooftop,610,"Deshong Dr",Paris,TX,"Lamar County",75460,US,Lamar
134,"MOUNTAIN VIEW HEALTH & REHABILITATION","1600 MURCHISON RD","EL PASO",TX,79902,2.0,31.779724,-106.481075,1,rooftop,1600,Murchison,"El Paso",TX,"El Paso County",79902,US,"El Paso"
135,"MOUNTAIN VIEW HEALTH & REHABILITATION","1600 MURCHISON RD","EL PASO",TX,79902,2.0,31.779724,-106.481075,1,rooftop,1600,Murchison,"El Paso",TX,"El Paso County",79902,US,"El Paso"
136,"MOUNTAIN VIEW HEALTH & REHABILITATION","1600 MURCHISON RD","EL PASO",TX,79902,2.0,31.779724,-106.481075,1,rooftop,1600,Murchison,"El Paso",TX,"El Paso County",79902,US,"El Paso"
137,"MOUNTAIN VIEW HEALTH & REHABILITATION","1600 MURCHISON RD","EL PASO",TX,79902,2.0,31.779724,-106.481075,1,rooftop,1600,Murchison,"El Paso",TX,"El Paso County",79902,US,"El Paso"
138,"SAGE HEALTHCARE CENTER","1201 N 15TH ST",LAMESA,TX,79331,5.0,32.743963,-101.966345,1,rooftop,1201,"N 15th St",Lamesa,TX,"Dawson County",79331,US,"Statewide Partial"
139,"SAGE HEALTHCARE CENTER","1201 N 15TH ST",LAMESA,TX,79331,5.0,32.743963,-101.966345,1,rooftop,1201,"N 15th St",Lamesa,TX,"Dawson County",79331,US,"Statewide Partial"
140,"MESA VISTA INN HEALTH CENTER","5756 N KNOLL DR","SAN ANTONIO",TX,78240,4.0,29.512973,-98.602741,1,rooftop,5756,"N Knl","San Antonio",TX,"Bexar County",78240,US,Bexar
141,"FOCUSED CARE AT CLARKSVILLE","2407 WEST MAIN STREET",CLARKSVILLE,TX,75426,2.0,33.613536,-95.085348,1,rooftop,2407,"W Main St",Clarksville,TX,"Red River County",75426,US,"Statewide Partial"
142,"SKYLINE NURSING CENTER","3326 BURGOYNE",DALLAS,TX,75233,1.0,32.71005,-96.875469,1,rooftop,3326,"Burgoyne St",Dallas,TX,"Dallas County",75233,US,Dallas
143,"LAKE JACKSON HEALTHCARE CENTER","413 GARLAND DR","LAKE JACKSON",TX,77566,4.0,29.014645,-95.422693,1,rooftop,413,"Garland Dr","Lake Jackson",TX,"Brazoria County",77566,US,Brazoria
144,"HERITAGE AT LONGVIEW HEALTHCARE CENTER","112 RUTHLYNN DR",LONGVIEW,TX,75605,1.0,32.529179,-94.744745,1,rooftop,112,"Ruthlynn Dr",Longview,TX,"Gregg County",75605,US,"City of Longview"
145,"WEBSTER RESIDENCE AND REHABILITATION CENTER","750 N TEXAS AVE",WEBSTER,TX,77598,4.0,29.538203,-95.127822,1,rooftop,750,"N Texas Ave",Webster,TX,"Harris County",77598,US,"Greater Houston"
146,"CHRISTIAN CARE CENTER","1000 WIGGINS PKWY",MESQUITE,TX,75150,2.0,32.833827,-96.612644,1,rooftop,1000,"Wiggins Pkwy",Mesquite,TX,"Dallas County",75150,US,Dallas
147,"GRANBURY REHAB & NURSING","2124 PALUXY HWY",GRANBURY,TX,76048,3.0,32.419925,-97.815975,1,rooftop,2124,"Paluxy Hwy",Granbury,TX,"Hood County",76048,US,Hood
148,"FORT WORTH WELLNESS & REHABILITATION","2129 SKYLINE DR","FORT WORTH",TX,76114,1.0,32.793254,-97.398958,1,rooftop,2129,"Skyline Dr","Fort Worth",TX,"Tarrant County",76114,US,"Tarrant County"
149,"FORT WORTH WELLNESS & REHABILITATION","2129 SKYLINE DR","FORT WORTH",TX,76114,1.0,32.793254,-97.398958,1,rooftop,2129,"Skyline Dr","Fort Worth",TX,"Tarrant County",76114,US,"Tarrant County"
150,"SENIOR CARE OF WESTERN HILLS","512 DRAPER DR",TEMPLE,TX,76504,4.0,31.10986,-97.369485,1,rooftop,512,"Draper Dr",Temple,TX,"Bell County",76504,US,"City of Temple"
151,"EDEN HOME INC","631 LAKEVIEW BLVD","NEW BRAUNFELS",TX,78130,5.0,29.724488,-98.128686,1,rooftop,631,"Lakeview Blvd","New Braunfels",TX,"Comal County",78130,US,"New Braunfels"
152,"GUADALUPE VALLEY NURSING CENTER","1210 EASTWOOD DR",SEGUIN,TX,78155,4.0,29.564444,-97.947282,1,rooftop,1210,"Eastwood Dr",Seguin,TX,"Guadalupe County",78155,US,Guadalupe
153,"CLAIRMONT LONGVIEW","3201 N FOURTH ST",LONGVIEW,TX,75605,4.0,32.541019,-94.73113,1,range_interpolation,3201,"N 4th St",Longview,TX,"Gregg County",75605,US,"TIGER/Line® dataset from the US Census Bureau"
154,"PARK MANOR OF THE WOODLANDS","1014 WINDSOR LAKE BOULEVARD","THE WOODLANDS",TX,77384,5.0,30.211183,-95.46257,1,rooftop,1014,"Windsor Lake Blvd",Conroe,TX,"Montgomery County",77384,US,Montgomery
155,"PARK MANOR OF THE WOODLANDS","1014 WINDSOR LAKE BOULEVARD","THE WOODLANDS",TX,77384,5.0,30.211183,-95.46257,1,rooftop,1014,"Windsor Lake Blvd",Conroe,TX,"Montgomery County",77384,US,Montgomery
156,"KLEBERG COUNTY NURSING AND REHABILITATION LP","316 GENERAL CAVAZOS BLVD",KINGSVILLE,TX,78363,4.0,27.491322,-97.865626,0.9,rooftop,316,"E General Cavazos Blvd",Kingsville,TX,"Kleberg County",78363,US,"Statewide Partial"
157,"KLEBERG COUNTY NURSING AND REHABILITATION LP","316 GENERAL CAVAZOS BLVD",KINGSVILLE,TX,78363,4.0,27.491322,-97.865626,0.9,rooftop,316,"E General Cavazos Blvd",Kingsville,TX,"Kleberg County",78363,US,"Statewide Partial"
158,"KLEBERG COUNTY NURSING AND REHABILITATION LP","316 GENERAL CAVAZOS BLVD",KINGSVILLE,TX,78363,4.0,27.491322,-97.865626,0.9,rooftop,316,"E General Cavazos Blvd",Kingsville,TX,"Kleberg County",78363,US,"Statewide Partial"
159,"KLEBERG COUNTY NURSING AND REHABILITATION LP","316 GENERAL CAVAZOS BLVD",KINGSVILLE,TX,78363,4.0,27.491322,-97.865626,0.9,rooftop,316,"E General Cavazos Blvd",Kingsville,TX,"Kleberg County",78363,US,"Statewide Partial"
160,"KLEBERG COUNTY NURSING AND REHABILITATION LP","316 GENERAL CAVAZOS BLVD",KINGSVILLE,TX,78363,4.0,27.491322,-97.865626,0.9,rooftop,316,"E General Cavazos Blvd",Kingsville,TX,"Kleberg County",78363,US,"Statewide Partial"
161,"KLEBERG COUNTY NURSING AND REHABILITATION LP","316 GENERAL CAVAZOS BLVD",KINGSVILLE,TX,78363,4.0,27.491322,-97.865626,0.9,rooftop,316,"E General Cavazos Blvd",Kingsville,TX,"Kleberg County",78363,US,"Statewide Partial"
162,"GREEN VALLEY HEALTHCARE AND REHABILITATION CENTER","6850 RUFE SNOW DR","FORT WORTH",TX,76148,4.0,32.870695,-97.237102,0.8,rooftop,6850,"Rufe Snow Dr","North Richland Hills",TX,"Tarrant County",76180,US,"North Richland Hills"
163,"GREEN VALLEY HEALTHCARE AND REHABILITATION CENTER","6850 RUFE SNOW DR","FORT WORTH",TX,76148,4.0,32.870695,-97.237102,0.8,rooftop,6850,"Rufe Snow Dr","North Richland Hills",TX,"Tarrant County",76180,US,"North Richland Hills"
164,"TERRACE WEST NURSING AND REHABILITATION LP","2800 MIDLAND DR",MIDLAND,TX,79707,3.0,32.011008,-102.138963,0.9,rooftop,2800,"N Midland Dr",Midland,TX,"Midland County",79707,US,Midland
165,"TERRACE WEST NURSING AND REHABILITATION LP","2800 MIDLAND DR",MIDLAND,TX,79707,3.0,32.011008,-102.138963,0.9,rooftop,2800,"N Midland Dr",Midland,TX,"Midland County",79707,US,Midland
166,"TERRACE WEST NURSING AND REHABILITATION LP","2800 MIDLAND DR",MIDLAND,TX,79707,3.0,32.011008,-102.138963,0.9,rooftop,2800,"N Midland Dr",Midland,TX,"Midland County",79707,US,Midland
167,"TERRACE WEST NURSING AND REHABILITATION LP","2800 MIDLAND DR",MIDLAND,TX,79707,3.0,32.011008,-102.138963,0.9,rooftop,2800,"N Midland Dr",Midland,TX,"Midland County",79707,US,Midland
168,"PASADENA CARE CENTER","4006 VISTA RD",PASADENA,TX,77504,7.0,29.656865,-95.183219,1,rooftop,4006,"Vista Rd",Pasadena,TX,"Harris County",77504,US,"Greater Houston"
169,"PASADENA CARE CENTER","4006 VISTA RD",PASADENA,TX,77504,7.0,29.656865,-95.183219,1,rooftop,4006,"Vista Rd",Pasadena,TX,"Harris County",77504,US,"Greater Houston"
170,"PASADENA CARE CENTER","4006 VISTA RD",PASADENA,TX,77504,7.0,29.656865,-95.183219,1,rooftop,4006,"Vista Rd",Pasadena,TX,"Harris County",77504,US,"Greater Houston"
171,"PASADENA CARE CENTER","4006 VISTA RD",PASADENA,TX,77504,7.0,29.656865,-95.183219,1,rooftop,4006,"Vista Rd",Pasadena,TX,"Harris County",77504,US,"Greater Houston"
172,"PASADENA CARE CENTER","4006 VISTA RD",PASADENA,TX,77504,7.0,29.656865,-95.183219,1,rooftop,4006,"Vista Rd",Pasadena,TX,"Harris County",77504,US,"Greater Houston"
173,"LEGEND OAKS HEALTHCARE AND REHABILITATION - NORTH/","12921 MISTY WILLOW DR",HOUSTON,TX,77070,18.0,29.960361,-95.556833,1,rooftop,12921,"Misty Willow Dr",Houston,TX,"Harris County",77070,US,"Greater Houston"
174,"LEGEND OAKS HEALTHCARE AND REHABILITATION - NORTH/","12921 MISTY WILLOW DR",HOUSTON,TX,77070,18.0,29.960361,-95.556833,1,rooftop,12921,"Misty Willow Dr",Houston,TX,"Harris County",77070,US,"Greater Houston"
175,"LEGEND OAKS HEALTHCARE AND REHABILITATION - NORTH/","12921 MISTY WILLOW DR",HOUSTON,TX,77070,18.0,29.960361,-95.556833,1,rooftop,12921,"Misty Willow Dr",Houston,TX,"Harris County",77070,US,"Greater Houston"
176,"LEGEND OAKS HEALTHCARE AND REHABILITATION - NORTH/","12921 MISTY WILLOW DR",HOUSTON,TX,77070,18.0,29.960361,-95.556833,1,rooftop,12921,"Misty Willow Dr",Houston,TX,"Harris County",77070,US,"Greater Houston"
177,"LEGEND OAKS HEALTHCARE AND REHABILITATION - NORTH/","12921 MISTY WILLOW DR",HOUSTON,TX,77070,18.0,29.960361,-95.556833,1,rooftop,12921,"Misty Willow Dr",Houston,TX,"Harris County",77070,US,"Greater Houston"
178,"LEGEND OAKS HEALTHCARE AND REHABILITATION - NORTH/","12921 MISTY WILLOW DR",HOUSTON,TX,77070,18.0,29.960361,-95.556833,1,rooftop,12921,"Misty Willow Dr",Houston,TX,"Harris County",77070,US,"Greater Houston"
179,"LEGEND OAKS HEALTHCARE AND REHABILITATION - NORTH/","12921 MISTY WILLOW DR",HOUSTON,TX,77070,18.0,29.960361,-95.556833,1,rooftop,12921,"Misty Willow Dr",Houston,TX,"Harris County",77070,US,"Greater Houston"
180,"LEGEND OAKS HEALTHCARE AND REHABILITATION - NORTH/","12921 MISTY WILLOW DR",HOUSTON,TX,77070,18.0,29.960361,-95.556833,1,rooftop,12921,"Misty Willow Dr",Houston,TX,"Harris County",77070,US,"Greater Houston"
181,"LEGEND OAKS HEALTHCARE AND REHABILITATION - NORTH/","12921 MISTY WILLOW DR",HOUSTON,TX,77070,18.0,29.960361,-95.556833,1,rooftop,12921,"Misty Willow Dr",Houston,TX,"Harris County",77070,US,"Greater Houston"
182,"CROSS COUNTRY HEALTHCARE CENTER","1514 INDIAN CREEK RD",BROWNWOOD,TX,76801,3.0,31.677614,-98.963875,0.6,rooftop,1514,"Indian Creek Dr",Brownwood,TX,"Brown County",76801,US,"Statewide Partial"
183,"CROSS COUNTRY HEALTHCARE CENTER","1514 INDIAN CREEK RD",BROWNWOOD,TX,76801,3.0,31.677614,-98.963875,0.6,rooftop,1514,"Indian Creek Dr",Brownwood,TX,"Brown County",76801,US,"Statewide Partial"
184,"EDGEWOOD REHABILITATION AND CARE CENTER","1101 WINDBELL DR",MESQUITE,TX,75149,6.0,32.780152,-96.621447,1,rooftop,1101,"Windbell Dr",Mesquite,TX,"Dallas County",75149,US,Dallas
185,"TRAIL LAKE NURSING & REHABILITATION","7100 TRAIL LAKE DR","FORT WORTH",TX,76133,3.0,32.642241,-97.402303,0.9,rooftop,7100,"Trail Lake Dr","Fort Worth",TX,"Tarrant County",76123,US,"Tarrant County"
186,"TRAIL LAKE NURSING & REHABILITATION","7100 TRAIL LAKE DR","FORT WORTH",TX,76133,3.0,32.642241,-97.402303,0.9,rooftop,7100,"Trail Lake Dr","Fort Worth",TX,"Tarrant County",76123,US,"Tarrant County"
187,"LEGACY NURSING AND REHABILITATION","2202 N TRAVIS AVE",CAMERON,TX,76520,3.0,30.868578,-96.973581,1,rooftop,2202,"N Travis Ave",Cameron,TX,"Milam County",76520,US,"Statewide Partial"
188,"PINECREST NURSING & REHABILITATION CENTER","3505 OLD JACKSONVILLE RD",TYLER,TX,75701,3.0,32.309587,-95.320261,1,range_interpolation,3505,"Old Jacksonville Rd",Tyler,TX,"Smith County",75701,US,"TIGER/Line® dataset from the US Census Bureau"
189,"PINECREST NURSING & REHABILITATION CENTER","3505 OLD JACKSONVILLE RD",TYLER,TX,75701,3.0,32.309587,-95.320261,1,range_interpolation,3505,"Old Jacksonville Rd",Tyler,TX,"Smith County",75701,US,"TIGER/Line® dataset from the US Census Bureau"
190,"PINECREST NURSING & REHABILITATION CENTER","3505 OLD JACKSONVILLE RD",TYLER,TX,75701,3.0,32.309587,-95.320261,1,range_interpolation,3505,"Old Jacksonville Rd",Tyler,TX,"Smith County",75701,US,"TIGER/Line® dataset from the US Census Bureau"
191,"REMARKABLE HEALTHCARE OF DALLAS, LP","3350 BONNIE VIEW ROAD",DALLAS,TX,75216,1.0,32.718656,-96.776281,1,rooftop,3350,"Bonnie View Rd",Dallas,TX,"Dallas County",75216,US,Dallas
192,"REMARKABLE HEALTHCARE OF DALLAS, LP","3350 BONNIE VIEW ROAD",DALLAS,TX,75216,1.0,32.718656,-96.776281,1,rooftop,3350,"Bonnie View Rd",Dallas,TX,"Dallas County",75216,US,Dallas
193,"WESTRIDGE NURSING AND REHABILITATION LP","1241 WESTRIDGE AVE",LANCASTER,TX,75146,1.0,32.604155,-96.769012,1,rooftop,1241,"Westridge Ave",Lancaster,TX,"Dallas County",75146,US,Dallas
194,"WESTRIDGE NURSING AND REHABILITATION LP","1241 WESTRIDGE AVE",LANCASTER,TX,75146,1.0,32.604155,-96.769012,1,rooftop,1241,"Westridge Ave",Lancaster,TX,"Dallas County",75146,US,Dallas
195,"WESTRIDGE NURSING AND REHABILITATION LP","1241 WESTRIDGE AVE",LANCASTER,TX,75146,1.0,32.604155,-96.769012,1,rooftop,1241,"Westridge Ave",Lancaster,TX,"Dallas County",75146,US,Dallas
196,"CRESTVIEW HEALTHCARE RESIDENCE","1400 LAKE SHORE DR",WACO,TX,76708,6.0,31.593123,-97.176282,1,rooftop,1400,"Lake Shore Dr",Waco,TX,"McLennan County",76708,US,"City of Waco"
197,"CRESTVIEW HEALTHCARE RESIDENCE","1400 LAKE SHORE DR",WACO,TX,76708,6.0,31.593123,-97.176282,1,rooftop,1400,"Lake Shore Dr",Waco,TX,"McLennan County",76708,US,"City of Waco"
198,"CRESTVIEW HEALTHCARE RESIDENCE","1400 LAKE SHORE DR",WACO,TX,76708,6.0,31.593123,-97.176282,1,rooftop,1400,"Lake Shore Dr",Waco,TX,"McLennan County",76708,US,"City of Waco"
199,"BRENTWOOD PLACE ONE","3505 S BUCKNER BLVD BLDG 2",DALLAS,TX,75227,4.0,32.766446,-96.68552,1,rooftop,3505,"S Buckner Blvd",Dallas,TX,"Dallas County",75227,US,Dallas
200,"BRIGHTPOINTE AT LYTLE LAKE","1201 CLARKS DR",ABILENE,TX,79602,5.0,32.439541,-99.702978,1,rooftop,1201,"Clarks Dr",Abilene,TX,"Taylor County",79602,US,"City of Abilene"
201,"BRIGHTPOINTE AT LYTLE LAKE","1201 CLARKS DR",ABILENE,TX,79602,5.0,32.439541,-99.702978,1,rooftop,1201,"Clarks Dr",Abilene,TX,"Taylor County",79602,US,"City of Abilene"
202,"HOGAN PARK NURSING & REHABILITATION","3203 SAGE ST",MIDLAND,TX,79705,4.0,32.030843,-102.073681,1,rooftop,3203,"Sage St",Midland,TX,"Midland County",79705,US,Midland
203,"HOGAN PARK NURSING & REHABILITATION","3203 SAGE ST",MIDLAND,TX,79705,4.0,32.030843,-102.073681,1,rooftop,3203,"Sage St",Midland,TX,"Midland County",79705,US,Midland
204,"HOGAN PARK NURSING & REHABILITATION","3203 SAGE ST",MIDLAND,TX,79705,4.0,32.030843,-102.073681,1,rooftop,3203,"Sage St",Midland,TX,"Midland County",79705,US,Midland
205,"MSHC THE WATERTON AT COWHORN CREEK LLC","5524 COWHORN CREEK",TEXARKANA,TX,75503,1.0,33.471558,-94.077633,1,rooftop,5524,"Cowhorn Creek Rd",Texarkana,TX,"Bowie County",75503,US,"Statewide Partial"
206,"MSHC THE WATERTON AT COWHORN CREEK LLC","5524 COWHORN CREEK",TEXARKANA,TX,75503,1.0,33.471558,-94.077633,1,rooftop,5524,"Cowhorn Creek Rd",Texarkana,TX,"Bowie County",75503,US,"Statewide Partial"
207,"MSHC THE WATERTON AT COWHORN CREEK LLC","5524 COWHORN CREEK",TEXARKANA,TX,75503,1.0,33.471558,-94.077633,1,rooftop,5524,"Cowhorn Creek Rd",Texarkana,TX,"Bowie County",75503,US,"Statewide Partial"
208,"BRENTWOOD PLACE TWO","3505  S BUCKNER BLVD BLDG 3",DALLAS,TX,75227,5.0,32.766446,-96.68552,1,rooftop,3505,"S Buckner Blvd",Dallas,TX,"Dallas County",75227,US,Dallas
209,"THE OAKS AT RADFORD HILLS","725 MEDICAL DR",ABILENE,TX,79601,1.0,32.450603,-99.712738,1,rooftop,725,"Medical Dr",Abilene,TX,"Taylor County",79601,US,"City of Abilene"
210,"THE OAKS AT RADFORD HILLS","725 MEDICAL DR",ABILENE,TX,79601,1.0,32.450603,-99.712738,1,rooftop,725,"Medical Dr",Abilene,TX,"Taylor County",79601,US,"City of Abilene"
211,"SILVERADO HERMANN PARK","5600 CHENEVERT STREET",HOUSTON,TX,77004,10.0,29.72141,-95.383326,1,rooftop,5600,"Chenevert St",Houston,TX,"Harris County",77004,US,"Greater Houston"
212,"SILVERADO HERMANN PARK","5600 CHENEVERT STREET",HOUSTON,TX,77004,10.0,29.72141,-95.383326,1,rooftop,5600,"Chenevert St",Houston,TX,"Harris County",77004,US,"Greater Houston"
213,"SILVERADO HERMANN PARK","5600 CHENEVERT STREET",HOUSTON,TX,77004,10.0,29.72141,-95.383326,1,rooftop,5600,"Chenevert St",Houston,TX,"Harris County",77004,US,"Greater Houston"
214,"WHISPERING PINES LODGE","2131 ALPINE RD",LONGVIEW,TX,75601,3.0,32.520125,-94.706717,0.9,rooftop,2131,"Alpine Rd",Longview,TX,"Gregg County",75605,US,"City of Longview"
215,"WHISPERING PINES LODGE","2131 ALPINE RD",LONGVIEW,TX,75601,3.0,32.520125,-94.706717,0.9,rooftop,2131,"Alpine Rd",Longview,TX,"Gregg County",75605,US,"City of Longview"
216,"WHISPERING PINES LODGE","2131 ALPINE RD",LONGVIEW,TX,75601,3.0,32.520125,-94.706717,0.9,rooftop,2131,"Alpine Rd",Longview,TX,"Gregg County",75605,US,"City of Longview"
217,"WHISPERING PINES LODGE","2131 ALPINE RD",LONGVIEW,TX,75601,3.0,32.520125,-94.706717,0.9,rooftop,2131,"Alpine Rd",Longview,TX,"Gregg County",75605,US,"City of Longview"
218,"WHISPERING PINES LODGE","2131 ALPINE RD",LONGVIEW,TX,75601,3.0,32.520125,-94.706717,0.9,rooftop,2131,"Alpine Rd",Longview,TX,"Gregg County",75605,US,"City of Longview"
219,"ARBOR GRACE WELLNESS CENTER","1241 W MARSHALL HOWARD BLVD",LITTLEFIELD,TX,79339,2.0,33.90985,-102.344915,1,rooftop,1241,"W Marshall Howard Blvd",Littlefield,TX,"Lamb County",79339,US,"Statewide Partial"
220,"ARBOR GRACE WELLNESS CENTER","1241 W MARSHALL HOWARD BLVD",LITTLEFIELD,TX,79339,2.0,33.90985,-102.344915,1,rooftop,1241,"W Marshall Howard Blvd",Littlefield,TX,"Lamb County",79339,US,"Statewide Partial"
221,"MISSION CARE CENTERS-ALL SEASONS","6150 S LOOP EAST",HOUSTON,TX,77087,4.0,29.694231,-95.318334,1,rooftop,6150,"S Loop E",Houston,TX,"Harris County",77087,US,Houston
222,"COPPERAS HOLLOW NURSING & REHABILITATION CENTER","345 COUNTRY CLUB DR",CALDWELL,TX,77836,7.0,30.542974,-96.711047,1,rooftop,345,"Country Club Dr",Caldwell,TX,"Burleson County",77836,US,Burleson
223,"COPPERAS HOLLOW NURSING & REHABILITATION CENTER","345 COUNTRY CLUB DR",CALDWELL,TX,77836,7.0,30.542974,-96.711047,1,rooftop,345,"Country Club Dr",Caldwell,TX,"Burleson County",77836,US,Burleson
224,"COPPERAS HOLLOW NURSING & REHABILITATION CENTER","345 COUNTRY CLUB DR",CALDWELL,TX,77836,7.0,30.542974,-96.711047,1,rooftop,345,"Country Club Dr",Caldwell,TX,"Burleson County",77836,US,Burleson
225,"INSPIRE NEW BOSTON","210 RICE ST","NEW BOSTON",TX,75570,10.0,33.461216,-94.414748,1,rooftop,210,"Rice St","New Boston",TX,"Bowie County",75570,US,"Statewide Partial"
226,"INSPIRE NEW BOSTON","210 RICE ST","NEW BOSTON",TX,75570,10.0,33.461216,-94.414748,1,rooftop,210,"Rice St","New Boston",TX,"Bowie County",75570,US,"Statewide Partial"
227,"INSPIRE NEW BOSTON","210 RICE ST","NEW BOSTON",TX,75570,10.0,33.461216,-94.414748,1,rooftop,210,"Rice St","New Boston",TX,"Bowie County",75570,US,"Statewide Partial"
228,"INSPIRE NEW BOSTON","210 RICE ST","NEW BOSTON",TX,75570,10.0,33.461216,-94.414748,1,rooftop,210,"Rice St","New Boston",TX,"Bowie County",75570,US,"Statewide Partial"
229,"INSPIRE NEW BOSTON","210 RICE ST","NEW BOSTON",TX,75570,10.0,33.461216,-94.414748,1,rooftop,210,"Rice St","New Boston",TX,"Bowie County",75570,US,"Statewide Partial"
230,"INSPIRE NEW BOSTON","210 RICE ST","NEW BOSTON",TX,75570,10.0,33.461216,-94.414748,1,rooftop,210,"Rice St","New Boston",TX,"Bowie County",75570,US,"Statewide Partial"
231,"INSPIRE NEW BOSTON","210 RICE ST","NEW BOSTON",TX,75570,10.0,33.461216,-94.414748,1,rooftop,210,"Rice St","New Boston",TX,"Bowie County",75570,US,"Statewide Partial"
232,"STAMFORD RESIDENCE AND REHABILITATION CENTER","1003 COLUMBIA",STAMFORD,TX,79553,5.0,32.933565,-99.784731,1,rooftop,1003,"Columbia St",Stamford,TX,"Jones County",79553,US,"Statewide Partial"
233,"SENIOR REHABILITATION & SKILLED NURSING CENTER","8825 LAMPLIGHTER LN","PORT ARTHUR",TX,77642,2.0,29.955537,-93.982588,1,range_interpolation,8825,"Lamplighter Ln","Port Arthur",TX,"Jefferson County",77642,US,"TIGER/Line® dataset from the US Census Bureau"
234,"SENIOR REHABILITATION & SKILLED NURSING CENTER","8825 LAMPLIGHTER LN","PORT ARTHUR",TX,77642,2.0,29.955537,-93.982588,1,range_interpolation,8825,"Lamplighter Ln","Port Arthur",TX,"Jefferson County",77642,US,"TIGER/Line® dataset from the US Census Bureau"
235,"SENIOR REHABILITATION & SKILLED NURSING CENTER","8825 LAMPLIGHTER LN","PORT ARTHUR",TX,77642,2.0,29.955537,-93.982588,1,range_interpolation,8825,"Lamplighter Ln","Port Arthur",TX,"Jefferson County",77642,US,"TIGER/Line® dataset from the US Census Bureau"
236,"COLONIAL NURSING & REHABILITATION CENTER","508 PIERCE ST",LINDALE,TX,75771,1.0,32.510657,-95.40334,1,range_interpolation,508,"Pierce St",Lindale,TX,"Smith County",75771,US,"TIGER/Line® dataset from the US Census Bureau"
237,"COLONIAL NURSING & REHABILITATION CENTER","508 PIERCE ST",LINDALE,TX,75771,1.0,32.510657,-95.40334,1,range_interpolation,508,"Pierce St",Lindale,TX,"Smith County",75771,US,"TIGER/Line® dataset from the US Census Bureau"
238,"LAKESIDE NURSING AND REHABILITATION CENTER","8707 LAKESIDE PARKWAY","SAN ANTONIO",TX,78245,5.0,29.43267,-98.656818,1,rooftop,8707,"Lakeside Pkwy","San Antonio",TX,"Bexar County",78245,US,"San Antonio"
239,"LAKESIDE NURSING AND REHABILITATION CENTER","8707 LAKESIDE PARKWAY","SAN ANTONIO",TX,78245,5.0,29.43267,-98.656818,1,rooftop,8707,"Lakeside Pkwy","San Antonio",TX,"Bexar County",78245,US,"San Antonio"
240,"ROBERT LEE CARE CENTER","307 WEST 8TH ST","ROBERT LEE",TX,76945,2.0,31.895756,-100.489493,1,rooftop,307,"W 8th St","Robert Lee",TX,"Coke County",76945,US,"Statewide Partial"
241,"VISTA NURSING AND REHABILITATION CENTER","4300 VISTA RD",PASADENA,TX,77504,3.0,29.657774,-95.177433,1,rooftop,4300,"Vista Rd",Pasadena,TX,"Harris County",77504,US,"Greater Houston"
242,"MERIDIAN CARE AT GRAYSON SQUARE","815  E  GRAYSON  ST","SAN ANTONIO",TX,78208,3.0,29.443598,-98.47145,1,rooftop,815,"E Grayson St","San Antonio",TX,"Bexar County",78208,US,"San Antonio"
243,"MERIDIAN CARE AT GRAYSON SQUARE","815  E  GRAYSON  ST","SAN ANTONIO",TX,78208,3.0,29.443598,-98.47145,1,rooftop,815,"E Grayson St","San Antonio",TX,"Bexar County",78208,US,"San Antonio"
244,"MERIDIAN CARE AT GRAYSON SQUARE","815  E  GRAYSON  ST","SAN ANTONIO",TX,78208,3.0,29.443598,-98.47145,1,rooftop,815,"E Grayson St","San Antonio",TX,"Bexar County",78208,US,"San Antonio"
245,"SAN REMO","3550 N SHILOH RD",RICHARDSON,TX,75082,3.0,32.999204,-96.664005,1,rooftop,3550,"Shiloh Rd",Richardson,TX,"Collin County",75082,US,Plano
246,"CLYDE NURSING CENTER","806 STEPHENS ST",CLYDE,TX,79510,2.0,32.395265,-99.490228,1,rooftop,806,"Stephens St",Clyde,TX,"Callahan County",79510,US,"Statewide Partial"
247,"CLYDE NURSING CENTER","806 STEPHENS ST",CLYDE,TX,79510,2.0,32.395265,-99.490228,1,rooftop,806,"Stephens St",Clyde,TX,"Callahan County",79510,US,"Statewide Partial"
248,"EMERALD HILLS REHABILITATION AND HEALTHCARE CENTER","5600 DAVIS BLVD","NORTH RICHLAND HILLS",TX,76180,5.0,32.84958,-97.212425,1,rooftop,5600,"Davis Blvd","North Richland Hills",TX,"Tarrant County",76180,US,"Tarrant County"
249,"CEDAR HILL HEALTHCARE CENTER","230 S CLARK RD","CEDAR HILL",TX,75104,2.0,32.586564,-96.94135,1,rooftop,230,"S Clark Rd","Cedar Hill",TX,"Dallas County",75104,US,Dallas
250,"CEDAR HILL HEALTHCARE CENTER","230 S CLARK RD","CEDAR HILL",TX,75104,2.0,32.586564,-96.94135,1,rooftop,230,"S Clark Rd","Cedar Hill",TX,"Dallas County",75104,US,Dallas
251,"BALLINGER HEALTHCARE AND REHABILITATION CENTER","2001 6TH ST",BALLINGER,TX,76821,2.0,31.752448,-99.964734,1,range_interpolation,2001,"FM 2887",Ballinger,TX,"Runnels County",76821,US,"TIGER/Line® dataset from the US Census Bureau"
252,"GOLDEN CREEK HEALTHCARE AND REHABILITATION CENTER","2100 DOVER CROSSING LANE",NAVASOTA,TX,77868,5.0,30.383369,-96.008619,0.33,place,,,Navasota,TX,"Grimes County",77868,US,"TIGER/Line® dataset from the US Census Bureau"
253,"GOLDEN CREEK HEALTHCARE AND REHABILITATION CENTER","2100 DOVER CROSSING LANE",NAVASOTA,TX,77868,5.0,30.383369,-96.008619,0.33,place,,,Navasota,TX,"Grimes County",77868,US,"TIGER/Line® dataset from the US Census Bureau"
254,"RIVERWOOD HEALTHCARE","600 BACON ST",MADISONVILLE,TX,77864,3.0,30.946358,-95.906921,1,rooftop,600,Bacon,Madisonville,TX,"Madison County",77864,US,Madison
255,"RIVERWOOD HEALTHCARE","600 BACON ST",MADISONVILLE,TX,77864,3.0,30.946358,-95.906921,1,rooftop,600,Bacon,Madisonville,TX,"Madison County",77864,US,Madison
256,"FOCUSED CARE OF CENTER","501 TIMPSON",CENTER,TX,75935,5.0,31.799144,-94.189551,1,rooftop,501,"Timpson St",Center,TX,"Shelby County",75935,US,"Statewide Partial"
257,"FOCUSED CARE OF CENTER","501 TIMPSON",CENTER,TX,75935,5.0,31.799144,-94.189551,1,rooftop,501,"Timpson St",Center,TX,"Shelby County",75935,US,"Statewide Partial"
258,"FOCUSED CARE OF CENTER","501 TIMPSON",CENTER,TX,75935,5.0,31.799144,-94.189551,1,rooftop,501,"Timpson St",Center,TX,"Shelby County",75935,US,"Statewide Partial"
259,"OCEANVIEW HEALTHCARE AND REHABILITATION","519 NINTH AVE N","TEXAS CITY",TX,77590,2.0,29.392921,-94.901582,1,rooftop,519,"9th Ave N","Texas City",TX,"Galveston County",77590,US,Galveston
260,"OCEANVIEW HEALTHCARE AND REHABILITATION","519 NINTH AVE N","TEXAS CITY",TX,77590,2.0,29.392921,-94.901582,1,rooftop,519,"9th Ave N","Texas City",TX,"Galveston County",77590,US,Galveston
261,"BREMOND NURSING AND REHABILITATION CENTER","211 N MAIN",BREMOND,TX,76629,2.0,31.167544,-96.674839,1,rooftop,211,"N Main St",Bremond,TX,"Robertson County",76629,US,"Statewide Partial"
262,"BREMOND NURSING AND REHABILITATION CENTER","211 N MAIN",BREMOND,TX,76629,2.0,31.167544,-96.674839,1,rooftop,211,"N Main St",Bremond,TX,"Robertson County",76629,US,"Statewide Partial"
263,"BREMOND NURSING AND REHABILITATION CENTER","211 N MAIN",BREMOND,TX,76629,2.0,31.167544,-96.674839,1,rooftop,211,"N Main St",Bremond,TX,"Robertson County",76629,US,"Statewide Partial"
264,"BREMOND NURSING AND REHABILITATION CENTER","211 N MAIN",BREMOND,TX,76629,2.0,31.167544,-96.674839,1,rooftop,211,"N Main St",Bremond,TX,"Robertson County",76629,US,"Statewide Partial"
265,"CORINTH REHABILITATION SUITES ON THE PARKWAY","3511 CORINTH PARKWAY",CORINTH,TX,76208,7.0,33.153939,-97.055625,1,rooftop,3511,"Corinth Pkwy",Denton,TX,"Denton County",76208,US,Denton
266,"CORINTH REHABILITATION SUITES ON THE PARKWAY","3511 CORINTH PARKWAY",CORINTH,TX,76208,7.0,33.153939,-97.055625,1,rooftop,3511,"Corinth Pkwy",Denton,TX,"Denton County",76208,US,Denton
267,"LEGEND OAKS HEALTHCARE AND REHABILITATION - ENNIS","1400 MEDICAL CENTER DRIVE",ENNIS,TX,75119,1.0,32.333778,-96.63479,0.33,place,,,Ennis,TX,"Ellis County",75119,US,"TIGER/Line® dataset from the US Census Bureau"
268,"BRIARCLIFF SKILLED NURSING FACILITY","4054 NORTHWEST LOOP",CARTHAGE,TX,75633,6.0,32.149074,-94.366993,0.9,rooftop,4054,"N West Loop",Carthage,TX,"Panola County",75633,US,"Statewide Partial"
269,"BRIARCLIFF SKILLED NURSING FACILITY","4054 NORTHWEST LOOP",CARTHAGE,TX,75633,6.0,32.149074,-94.366993,0.9,rooftop,4054,"N West Loop",Carthage,TX,"Panola County",75633,US,"Statewide Partial"
270,"REGENT CARE CENTER OF LAREDO","7001 MCPHERSON RD",LAREDO,TX,78041,1.0,27.572888,-99.472806,0.9,range_interpolation,7001,"McPherson Rd",Laredo,TX,"Webb County",78041,US,"TIGER/Line® dataset from the US Census Bureau"
271,"REGENT CARE CENTER OF LAREDO","7001 MCPHERSON RD",LAREDO,TX,78041,1.0,27.572888,-99.472806,0.9,range_interpolation,7001,"McPherson Rd",Laredo,TX,"Webb County",78041,US,"TIGER/Line® dataset from the US Census Bureau"
272,"WEST HOUSTON REHABILITATION AND HEALTHCARE CENTER","13428 BISSONNET",HOUSTON,TX,77083,3.0,29.681915,-95.618632,1,rooftop,13428,"Bissonnet St",Houston,TX,"Harris County",77083,US,Houston
273,"WEST HOUSTON REHABILITATION AND HEALTHCARE CENTER","13428 BISSONNET",HOUSTON,TX,77083,3.0,29.681915,-95.618632,1,rooftop,13428,"Bissonnet St",Houston,TX,"Harris County",77083,US,Houston
274,"THE COURTYARDS AT PASADENA","4048 RED BLUFF ROAD",PASADENA,TX,77503,5.0,29.678952,-95.149264,1,rooftop,4048,"Red Bluff Rd",Pasadena,TX,"Harris County",77503,US,"Greater Houston"
275,"JEFFERSON NURSING AND REHABILITATION CENTER","3840 POINTE PARKWAY",BEAUMONT,TX,77706,1.0,30.117035,-94.184226,0.9,range_interpolation,3840,"W Pointe Dr",Beaumont,TX,"Jefferson County",77706,US,"TIGER/Line® dataset from the US Census Bureau"
276,"JEFFERSON NURSING AND REHABILITATION CENTER","3840 POINTE PARKWAY",BEAUMONT,TX,77706,1.0,30.117035,-94.184226,0.9,range_interpolation,3840,"W Pointe Dr",Beaumont,TX,"Jefferson County",77706,US,"TIGER/Line® dataset from the US Census Bureau"
277,"PALOMINO PLACE","3160 GUS THOMASSON ROAD",MESQUITE,TX,75150,3.0,32.807367,-96.63284,1,rooftop,3160,"Gus Thomasson Rd",Mesquite,TX,"Dallas County",75150,US,Dallas
278,"HERITAGE TRAILS NURSING AND REHABILITATION CENTER","301 LINCOLN PARK DR",CLEBURNE,TX,76033,3.0,32.343711,-97.41158,1,range_interpolation,301,"Lincoln Park Dr",Cleburne,TX,"Johnson County",76033,US,"TIGER/Line® dataset from the US Census Bureau"
279,"HERITAGE TRAILS NURSING AND REHABILITATION CENTER","301 LINCOLN PARK DR",CLEBURNE,TX,76033,3.0,32.343711,-97.41158,1,range_interpolation,301,"Lincoln Park Dr",Cleburne,TX,"Johnson County",76033,US,"TIGER/Line® dataset from the US Census Bureau"
280,"HERITAGE TRAILS NURSING AND REHABILITATION CENTER","301 LINCOLN PARK DR",CLEBURNE,TX,76033,3.0,32.343711,-97.41158,1,range_interpolation,301,"Lincoln Park Dr",Cleburne,TX,"Johnson County",76033,US,"TIGER/Line® dataset from the US Census Bureau"
281,"HERITAGE GARDENS REHABILITATION AND HEALTHCARE","2135 N DENTON DR",CARROLLTON,TX,75006,1.0,32.975021,-96.907862,1,rooftop,2135,"N Denton Dr",Carrollton,TX,"Dallas County",75006,US,"City of Carrollton"
282,"HERITAGE GARDENS REHABILITATION AND HEALTHCARE","2135 N DENTON DR",CARROLLTON,TX,75006,1.0,32.975021,-96.907862,1,rooftop,2135,"N Denton Dr",Carrollton,TX,"Dallas County",75006,US,"City of Carrollton"
283,"HERITAGE GARDENS REHABILITATION AND HEALTHCARE","2135 N DENTON DR",CARROLLTON,TX,75006,1.0,32.975021,-96.907862,1,rooftop,2135,"N Denton Dr",Carrollton,TX,"Dallas County",75006,US,"City of Carrollton"
284,"THE WESTBURY PLACE","5201 S WILLOW DR",HOUSTON,TX,77035,8.0,29.655097,-95.46993,1,rooftop,5201,"S Willow Dr",Houston,TX,"Harris County",77035,US,Houston
285,"THE WESTBURY PLACE","5201 S WILLOW DR",HOUSTON,TX,77035,8.0,29.655097,-95.46993,1,rooftop,5201,"S Willow Dr",Houston,TX,"Harris County",77035,US,Houston
286,"THE WESTBURY PLACE","5201 S WILLOW DR",HOUSTON,TX,77035,8.0,29.655097,-95.46993,1,rooftop,5201,"S Willow Dr",Houston,TX,"Harris County",77035,US,Houston
287,"THE WESTBURY PLACE","5201 S WILLOW DR",HOUSTON,TX,77035,8.0,29.655097,-95.46993,1,rooftop,5201,"S Willow Dr",Houston,TX,"Harris County",77035,US,Houston
288,"SILVER SPRING","1690 N. TREADWAY BLVD.",ABILENE,TX,79601,5.0,32.468414,-99.726116,1,rooftop,1690,"N Treadaway Bl",Abilene,TX,"Taylor County",79601,US,"City of Abilene"
289,"SILVER SPRING","1690 N. TREADWAY BLVD.",ABILENE,TX,79601,5.0,32.468414,-99.726116,1,rooftop,1690,"N Treadaway Bl",Abilene,TX,"Taylor County",79601,US,"City of Abilene"
290,"SILVER SPRING","1690 N. TREADWAY BLVD.",ABILENE,TX,79601,5.0,32.468414,-99.726116,1,rooftop,1690,"N Treadaway Bl",Abilene,TX,"Taylor County",79601,US,"City of Abilene"
291,"SILVER SPRING","1690 N. TREADWAY BLVD.",ABILENE,TX,79601,5.0,32.468414,-99.726116,1,rooftop,1690,"N Treadaway Bl",Abilene,TX,"Taylor County",79601,US,"City of Abilene"
292,"SILVER SPRING","1690 N. TREADWAY BLVD.",ABILENE,TX,79601,5.0,32.468414,-99.726116,1,rooftop,1690,"N Treadaway Bl",Abilene,TX,"Taylor County",79601,US,"City of Abilene"
293,"RIVER OAKS HEALTH AND REHABILITATION CENTER","2416 NW 18TH ST","FORT WORTH",TX,76106,1.0,32.78874,-97.381336,1,rooftop,2416,"NW 18th St","Fort Worth",TX,"Tarrant County",76106,US,"Tarrant County"
294,"TRISUN CARE CENTER-WESTWOOD","801 CANTWELL LN","CORPUS CHRISTI",TX,78408,3.0,27.799714,-97.4481,1,range_interpolation,801,"Cantwell Ln","Corpus Christi",TX,"Nueces County",78408,US,"TIGER/Line® dataset from the US Census Bureau"
295,"TRISUN CARE CENTER-WESTWOOD","801 CANTWELL LN","CORPUS CHRISTI",TX,78408,3.0,27.799714,-97.4481,1,range_interpolation,801,"Cantwell Ln","Corpus Christi",TX,"Nueces County",78408,US,"TIGER/Line® dataset from the US Census Bureau"
296,"TRISUN CARE CENTER-WESTWOOD","801 CANTWELL LN","CORPUS CHRISTI",TX,78408,3.0,27.799714,-97.4481,1,range_interpolation,801,"Cantwell Ln","Corpus Christi",TX,"Nueces County",78408,US,"TIGER/Line® dataset from the US Census Bureau"
297,"LEGEND OAKS HEALTHCARE AND REHABILITATION CENTER","15880 WALLISVILLE ROAD",HOUSTON,TX,77049,5.0,29.81079,-95.153029,1,rooftop,15880,"Wallisville Rd",Houston,TX,"Harris County",77049,US,"Greater Houston"
298,"GALLERIA RESIDENCE AND REHABILITATION CENTER","2808 STONEYBROOK DRIVE",HOUSTON,TX,77063,6.0,29.735976,-95.505531,1,rooftop,2808,"Stoney Brook Dr",Houston,TX,"Harris County",77063,US,"Greater Houston"
299,"GALLERIA RESIDENCE AND REHABILITATION CENTER","2808 STONEYBROOK DRIVE",HOUSTON,TX,77063,6.0,29.735976,-95.505531,1,rooftop,2808,"Stoney Brook Dr",Houston,TX,"Harris County",77063,US,"Greater Houston"
300,"GALLERIA RESIDENCE AND REHABILITATION CENTER","2808 STONEYBROOK DRIVE",HOUSTON,TX,77063,6.0,29.735976,-95.505531,1,rooftop,2808,"Stoney Brook Dr",Houston,TX,"Harris County",77063,US,"Greater Houston"
301,"GALLERIA RESIDENCE AND REHABILITATION CENTER","2808 STONEYBROOK DRIVE",HOUSTON,TX,77063,6.0,29.735976,-95.505531,1,rooftop,2808,"Stoney Brook Dr",Houston,TX,"Harris County",77063,US,"Greater Houston"
302,"LAKE SHORE VILLAGE HEALTHCARE CENTER","2320 LAKE SHORE DR",WACO,TX,76708,2.0,31.589751,-97.187377,1,rooftop,2320,"Lake Shore Dr",Waco,TX,"McLennan County",76708,US,"City of Waco"
303,"LAKE SHORE VILLAGE HEALTHCARE CENTER","2320 LAKE SHORE DR",WACO,TX,76708,2.0,31.589751,-97.187377,1,rooftop,2320,"Lake Shore Dr",Waco,TX,"McLennan County",76708,US,"City of Waco"
304,"KINDRED TRANSITIONAL CARE AND REHABILITATION-MANSF","301 N MILLER RD",MANSFIELD,TX,76063,2.0,32.567419,-97.092,1,rooftop,301,"N Miller Rd",Mansfield,TX,"Tarrant County",76063,US,"Tarrant County"
305,"KINDRED TRANSITIONAL CARE AND REHABILITATION-MANSF","301 N MILLER RD",MANSFIELD,TX,76063,2.0,32.567419,-97.092,1,rooftop,301,"N Miller Rd",Mansfield,TX,"Tarrant County",76063,US,"Tarrant County"
306,"CONROE HEALTH CARE CENTER","2019 N FRAZIER",CONROE,TX,77301,5.0,30.33352,-95.467721,1,rooftop,2019,"N Frazier St",Conroe,TX,"Montgomery County",77301,US,Montgomery
307,"CONROE HEALTH CARE CENTER","2019 N FRAZIER",CONROE,TX,77301,5.0,30.33352,-95.467721,1,rooftop,2019,"N Frazier St",Conroe,TX,"Montgomery County",77301,US,Montgomery
308,"GARDEN VILLA NURSING HOME","106 DEL NORTE DR","EL CAMPO",TX,77437,2.0,29.207661,-96.279888,1,rooftop,106,"Del Norte Dr","El Campo",TX,"Wharton County",77437,US,"Statewide Partial"
309,"THE LENNWOOD NURSING AND REHABILITATION","8017 W VIRGINIA DR",DALLAS,TX,75237,6.0,32.650433,-96.87639,1,rooftop,8017,"W Virginia Dr",Dallas,TX,"Dallas County",75237,US,Dallas
310,"THE LENNWOOD NURSING AND REHABILITATION","8017 W VIRGINIA DR",DALLAS,TX,75237,6.0,32.650433,-96.87639,1,rooftop,8017,"W Virginia Dr",Dallas,TX,"Dallas County",75237,US,Dallas
311,"THE LENNWOOD NURSING AND REHABILITATION","8017 W VIRGINIA DR",DALLAS,TX,75237,6.0,32.650433,-96.87639,1,rooftop,8017,"W Virginia Dr",Dallas,TX,"Dallas County",75237,US,Dallas
312,"THE LENNWOOD NURSING AND REHABILITATION","8017 W VIRGINIA DR",DALLAS,TX,75237,6.0,32.650433,-96.87639,1,rooftop,8017,"W Virginia Dr",Dallas,TX,"Dallas County",75237,US,Dallas
313,"TRINITY NURSING AND REHABILITATION OF GRANBURY LP","600 REUNION COURT",GRANBURY,TX,76048,4.0,32.451924,-97.781058,1,rooftop,600,"Reunion Ct",Granbury,TX,"Hood County",76048,US,Hood
314,"TRINITY NURSING AND REHABILITATION OF GRANBURY LP","600 REUNION COURT",GRANBURY,TX,76048,4.0,32.451924,-97.781058,1,rooftop,600,"Reunion Ct",Granbury,TX,"Hood County",76048,US,Hood
315,"CHEROKEE TRAILS NURSING HOME","330 E BAGLEY RD",RUSK,TX,75785,3.0,31.813538,-95.129845,0.9,range_interpolation,330,"Bagley Rd",Rusk,TX,"Cherokee County",75785,US,"TIGER/Line® dataset from the US Census Bureau"
316,"CHEROKEE TRAILS NURSING HOME","330 E BAGLEY RD",RUSK,TX,75785,3.0,31.813538,-95.129845,0.9,range_interpolation,330,"Bagley Rd",Rusk,TX,"Cherokee County",75785,US,"TIGER/Line® dataset from the US Census Bureau"
317,"CHEROKEE TRAILS NURSING HOME","330 E BAGLEY RD",RUSK,TX,75785,3.0,31.813538,-95.129845,0.9,range_interpolation,330,"Bagley Rd",Rusk,TX,"Cherokee County",75785,US,"TIGER/Line® dataset from the US Census Bureau"
318,"CHEROKEE TRAILS NURSING HOME","330 E BAGLEY RD",RUSK,TX,75785,3.0,31.813538,-95.129845,0.9,range_interpolation,330,"Bagley Rd",Rusk,TX,"Cherokee County",75785,US,"TIGER/Line® dataset from the US Census Bureau"
319,"LANCASTER LTC PARTNERS INC","1515 N ELM ST",LANCASTER,TX,75134,3.0,32.606852,-96.76509,1,rooftop,1515,"N Elm St",Lancaster,TX,"Dallas County",75134,US,Dallas
320,"LANCASTER LTC PARTNERS INC","1515 N ELM ST",LANCASTER,TX,75134,3.0,32.606852,-96.76509,1,rooftop,1515,"N Elm St",Lancaster,TX,"Dallas County",75134,US,Dallas
321,"LANCASTER LTC PARTNERS INC","1515 N ELM ST",LANCASTER,TX,75134,3.0,32.606852,-96.76509,1,rooftop,1515,"N Elm St",Lancaster,TX,"Dallas County",75134,US,Dallas
322,"LAPORTE HEALTHCARE CENTER","208 SOUTH UTAH","LA PORTE",TX,77571,4.0,29.665631,-95.014957,1,rooftop,208,"S Utah St","La Porte",TX,"Harris County",77571,US,"Greater Houston"
323,"LAPORTE HEALTHCARE CENTER","208 SOUTH UTAH","LA PORTE",TX,77571,4.0,29.665631,-95.014957,1,rooftop,208,"S Utah St","La Porte",TX,"Harris County",77571,US,"Greater Houston"
324,"CEDAR CREEK NURSING AND REHABILITATION CENTER","159 MONTAGUE AVE",BANDERA,TX,78003,5.0,29.732587,-99.081929,1,rooftop,159,"Montague Dr",Bandera,TX,"Bandera County",78003,US,"Statewide Partial"
325,"AMBROSIO GUILLEN TEXAS STATE VETERANS HOME","9650 KENWORTHY ST","EL PASO",TX,79924,3.0,31.887775,-106.431447,1,rooftop,9650,Kenworthy,"El Paso",TX,"El Paso County",79924,US,"El Paso"
326,"WOODRIDGE NURSING & REHABILITATION","1500 AUTUMN DR",GRAPEVINE,TX,76051,1.0,32.945732,-97.091758,1,rooftop,1500,"Autumn Dr",Grapevine,TX,"Tarrant County",76051,US,"Tarrant County"
327,"WOODRIDGE NURSING & REHABILITATION","8810 LONG POINT DR",HOUSTON,TX,77055,1.0,29.803837,-95.507386,0.6,rooftop,8810,"Long Point Rd",Houston,TX,"Harris County",77055,US,Houston
328,"WOODRIDGE NURSING & REHABILITATION","1500 AUTUMN DR",GRAPEVINE,TX,76051,1.0,32.945732,-97.091758,1,rooftop,1500,"Autumn Dr",Grapevine,TX,"Tarrant County",76051,US,"Tarrant County"
329,"WOODRIDGE NURSING & REHABILITATION","1500 AUTUMN DR",GRAPEVINE,TX,76051,1.0,32.945732,-97.091758,1,rooftop,1500,"Autumn Dr",Grapevine,TX,"Tarrant County",76051,US,"Tarrant County"
330,"WOODRIDGE NURSING & REHABILITATION","8810 LONG POINT DR",HOUSTON,TX,77055,1.0,29.803837,-95.507386,0.6,rooftop,8810,"Long Point Rd",Houston,TX,"Harris County",77055,US,Houston
331,"WOODRIDGE NURSING & REHABILITATION","8810 LONG POINT DR",HOUSTON,TX,77055,1.0,29.803837,-95.507386,0.6,rooftop,8810,"Long Point Rd",Houston,TX,"Harris County",77055,US,Houston
332,"WOODRIDGE NURSING & REHABILITATION","8810 LONG POINT DR",HOUSTON,TX,77055,1.0,29.803837,-95.507386,0.6,rooftop,8810,"Long Point Rd",Houston,TX,"Harris County",77055,US,Houston
333,"HOMEPLACE MANOR","425 SW AVE F",HAMLIN,TX,79520,4.0,32.879047,-100.132302,1,range_interpolation,425,"SW Ave F",Hamlin,TX,"Jones County",79520,US,"TIGER/Line® dataset from the US Census Bureau"
334,"MOUNTAIN VILLA NURSING CENTER","2729 PORTER AVE","EL PASO",TX,79930,2.0,31.805187,-106.463273,1,rooftop,2729,Porter,"El Paso",TX,"El Paso County",79930,US,"El Paso"
335,"MOUNTAIN VILLA NURSING CENTER","2729 PORTER AVE","EL PASO",TX,79930,2.0,31.805187,-106.463273,1,rooftop,2729,Porter,"El Paso",TX,"El Paso County",79930,US,"El Paso"
336,"PECAN VALLEY HEALTHCARE RESIDENCE","1405 W STOREY ST","SAN SABA",TX,76877,5.0,31.192836,-98.732881,1,rooftop,1405,"W Storey St","San Saba",TX,"San Saba County",76877,US,"Statewide Partial"
337,"PECAN VALLEY HEALTHCARE RESIDENCE","1405 W STOREY ST","SAN SABA",TX,76877,5.0,31.192836,-98.732881,1,rooftop,1405,"W Storey St","San Saba",TX,"San Saba County",76877,US,"Statewide Partial"
338,"THE MEDICAL RESORT AT SUGAR LAND","1803 WESCOTT AVENUE","SUGAR LAND",TX,77479,7.0,29.58748,-95.643593,1,rooftop,1803,"Wescott Ave","Sugar Land",TX,"Fort Bend County",77479,US,"City of Sugar Land"
339,"THE MEDICAL RESORT AT SUGAR LAND","1803 WESCOTT AVENUE","SUGAR LAND",TX,77479,7.0,29.58748,-95.643593,1,rooftop,1803,"Wescott Ave","Sugar Land",TX,"Fort Bend County",77479,US,"City of Sugar Land"
340,"THE MEDICAL RESORT AT SUGAR LAND","1803 WESCOTT AVENUE","SUGAR LAND",TX,77479,7.0,29.58748,-95.643593,1,rooftop,1803,"Wescott Ave","Sugar Land",TX,"Fort Bend County",77479,US,"City of Sugar Land"
341,"OAKWOOD NURSING AND REHABILITATION LP","301 W RANDOL MILL RD",ARLINGTON,TX,76011,3.0,32.750682,-97.109374,1,rooftop,301,"W Randol Mill Rd",Arlington,TX,"Tarrant County",76011,US,"Tarrant County"
342,"OAKWOOD NURSING AND REHABILITATION LP","301 W RANDOL MILL RD",ARLINGTON,TX,76011,3.0,32.750682,-97.109374,1,rooftop,301,"W Randol Mill Rd",Arlington,TX,"Tarrant County",76011,US,"Tarrant County"
343,"THE WATERTON HEALTHCARE & REHABILITATION","2875 SHILOH ROAD",TYLER,TX,75703,5.0,32.295146,-95.264312,1,range_interpolation,2875,"Shiloh Rd",Tyler,TX,"Smith County",75703,US,"TIGER/Line® dataset from the US Census Bureau"
344,"THE WATERTON HEALTHCARE & REHABILITATION","2875 SHILOH ROAD",TYLER,TX,75703,5.0,32.295146,-95.264312,1,range_interpolation,2875,"Shiloh Rd",Tyler,TX,"Smith County",75703,US,"TIGER/Line® dataset from the US Census Bureau"
345,"SNYDER OAKS CARE CENTER","210 E 37TH ST",SNYDER,TX,79549,1.0,32.704272,-100.890104,1,range_interpolation,210,"E 37th St",Snyder,TX,"Scurry County",79549,US,"TIGER/Line® dataset from the US Census Bureau"
346,"SNYDER OAKS CARE CENTER","210 E 37TH ST",SNYDER,TX,79549,1.0,32.704272,-100.890104,1,range_interpolation,210,"E 37th St",Snyder,TX,"Scurry County",79549,US,"TIGER/Line® dataset from the US Census Bureau"
347,"DEERINGS NURSING AND REHABILITATION LP","1020 N COUNTY RD WEST",ODESSA,TX,79763,1.0,31.845313,-102.389964,1,rooftop,1020,"N County Rd W",Odessa,TX,"Ector County",79763,US,Ector
348,"DEERINGS NURSING AND REHABILITATION LP","1020 N COUNTY RD WEST",ODESSA,TX,79763,1.0,31.845313,-102.389964,1,rooftop,1020,"N County Rd W",Odessa,TX,"Ector County",79763,US,Ector
349,"DEERINGS NURSING AND REHABILITATION LP","1020 N COUNTY RD WEST",ODESSA,TX,79763,1.0,31.845313,-102.389964,1,rooftop,1020,"N County Rd W",Odessa,TX,"Ector County",79763,US,Ector
350,"OAK VILLAGE HEALTHCARE LTC PARTNERS, INC","204 OAK DRIVE SOUTH","LAKE JACKSON",TX,77566,6.0,29.031668,-95.45777,1,rooftop,204,"Oak Dr S","Lake Jackson",TX,"Brazoria County",77566,US,"Statewide Partial"
351,"OAK VILLAGE HEALTHCARE LTC PARTNERS, INC","204 OAK DRIVE SOUTH","LAKE JACKSON",TX,77566,6.0,29.031668,-95.45777,1,rooftop,204,"Oak Dr S","Lake Jackson",TX,"Brazoria County",77566,US,"Statewide Partial"
352,"CHELSEA GARDENS","4422 RIVERSTONE BLVD","MISSOURI CITY",TX,77459,2.0,29.567158,-95.571399,1,rooftop,4422,"Riverstone Blvd","Missouri City",TX,"Fort Bend County",77459,US,"Greater Houston"
353,"CHELSEA GARDENS","4422 RIVERSTONE BLVD","MISSOURI CITY",TX,77459,2.0,29.567158,-95.571399,1,rooftop,4422,"Riverstone Blvd","Missouri City",TX,"Fort Bend County",77459,US,"Greater Houston"
354,"CHELSEA GARDENS","4422 RIVERSTONE BLVD","MISSOURI CITY",TX,77459,2.0,29.567158,-95.571399,1,rooftop,4422,"Riverstone Blvd","Missouri City",TX,"Fort Bend County",77459,US,"Greater Houston"
355,"CHELSEA GARDENS","4422 RIVERSTONE BLVD","MISSOURI CITY",TX,77459,2.0,29.567158,-95.571399,1,rooftop,4422,"Riverstone Blvd","Missouri City",TX,"Fort Bend County",77459,US,"Greater Houston"
356,"REGENT CARE CENTER OF EL PASO","10880 EDGEMERE BLVD","EL PASO",TX,79935,1.0,31.790961,-106.324611,0.9,rooftop,10880,Edgemere,"El Paso",TX,"El Paso County",79925,US,"El Paso"
357,"REGENT CARE CENTER OF EL PASO","10880 EDGEMERE BLVD","EL PASO",TX,79935,1.0,31.790961,-106.324611,0.9,rooftop,10880,Edgemere,"El Paso",TX,"El Paso County",79925,US,"El Paso"
358,"REGENT CARE CENTER OF EL PASO","10880 EDGEMERE BLVD","EL PASO",TX,79935,1.0,31.790961,-106.324611,0.9,rooftop,10880,Edgemere,"El Paso",TX,"El Paso County",79925,US,"El Paso"
359,"THE COLONNADES AT REFLECTION BAY","12001 SHADOW CREEK PARKWAY",PEARLAND,TX,77584,5.0,29.578175,-95.404777,1,rooftop,12001,"Shadow Creek Pkwy",Pearland,TX,"Brazoria County",77584,US,Brazoria
360,"THE COLONNADES AT REFLECTION BAY","12001 SHADOW CREEK PARKWAY",PEARLAND,TX,77584,5.0,29.578175,-95.404777,1,rooftop,12001,"Shadow Creek Pkwy",Pearland,TX,"Brazoria County",77584,US,Brazoria
361,"THE COLONNADES AT REFLECTION BAY","12001 SHADOW CREEK PARKWAY",PEARLAND,TX,77584,5.0,29.578175,-95.404777,1,rooftop,12001,"Shadow Creek Pkwy",Pearland,TX,"Brazoria County",77584,US,Brazoria
362,"THE COLONNADES AT REFLECTION BAY","12001 SHADOW CREEK PARKWAY",PEARLAND,TX,77584,5.0,29.578175,-95.404777,1,rooftop,12001,"Shadow Creek Pkwy",Pearland,TX,"Brazoria County",77584,US,Brazoria
363,"FARWELL CARE AND REHABILITATION CENTER","305 FIFTH ST",FARWELL,TX,79325,5.0,34.385617,-103.037026,1,rooftop,305,"5th St",Farwell,TX,"Parmer County",79325,US,"Statewide Partial"
364,"BROWNWOOD NURSING AND REHABILITATION LP","101 MILLER DR",BROWNWOOD,TX,76801,4.0,31.677722,-98.995275,1,rooftop,101,"Miller Dr",Brownwood,TX,"Brown County",76801,US,"Statewide Partial"
365,"BROWNWOOD NURSING AND REHABILITATION LP","101 MILLER DR",BROWNWOOD,TX,76801,4.0,31.677722,-98.995275,1,rooftop,101,"Miller Dr",Brownwood,TX,"Brown County",76801,US,"Statewide Partial"
366,"BROWNWOOD NURSING AND REHABILITATION LP","101 MILLER DR",BROWNWOOD,TX,76801,4.0,31.677722,-98.995275,1,rooftop,101,"Miller Dr",Brownwood,TX,"Brown County",76801,US,"Statewide Partial"
367,"ROSENBERG HEALTH & REHABILITATION CENTER","1419 MAHLMAN ST",ROSENBERG,TX,77471,4.0,29.553793,-95.786195,1,rooftop,1419,"Mahlmann St",Rosenberg,TX,"Fort Bend County",77471,US,"Greater Houston"
368,"THE CARLYLE AT STONEBRIDGE PARK","170 STONEBRIDGE LANE",SOUTHLAKE,TX,76092,4.0,32.938292,-97.188737,1,rooftop,170,"Stonebridge Ln",Southlake,TX,"Tarrant County",76092,US,"Tarrant County"
369,"THE CARLYLE AT STONEBRIDGE PARK","170 STONEBRIDGE LANE",SOUTHLAKE,TX,76092,4.0,32.938292,-97.188737,1,rooftop,170,"Stonebridge Ln",Southlake,TX,"Tarrant County",76092,US,"Tarrant County"
370,"HERITAGE HEALTHCARE RESIDENCE","1026 E GOODE ST",QUITMAN,TX,75783,7.0,32.795008,-95.431505,1,rooftop,1026,"E Goode",Quitman,TX,"Wood County",75783,US,Wood
371,"HERITAGE HEALTHCARE RESIDENCE","1026 E GOODE ST",QUITMAN,TX,75783,7.0,32.795008,-95.431505,1,rooftop,1026,"E Goode",Quitman,TX,"Wood County",75783,US,Wood
372,"HERITAGE HEALTHCARE RESIDENCE","1026 E GOODE ST",QUITMAN,TX,75783,7.0,32.795008,-95.431505,1,rooftop,1026,"E Goode",Quitman,TX,"Wood County",75783,US,Wood
373,"SENIOR CARE OF SAN ANGELO","5455 KNICKERBOCKER RD","SAN ANGELO",TX,76904,2.0,31.401425,-100.480745,1,rooftop,5455,"Knickerbocker Rd","San Angelo",TX,"Tom Green County",76904,US,"Statewide Partial"
374,"SENIOR CARE OF SAN ANGELO","5455 KNICKERBOCKER RD","SAN ANGELO",TX,76904,2.0,31.401425,-100.480745,1,rooftop,5455,"Knickerbocker Rd","San Angelo",TX,"Tom Green County",76904,US,"Statewide Partial"
375,"PINE TREE LODGE NURSING CENTER","2711 PINE TREE RD",LONGVIEW,TX,75604,1.0,32.535418,-94.808581,1,rooftop,2711,"Pine Tree Rd",Longview,TX,"Gregg County",75604,US,"City of Longview"
376,"PINE TREE LODGE NURSING CENTER","2711 PINE TREE RD",LONGVIEW,TX,75604,1.0,32.535418,-94.808581,1,rooftop,2711,"Pine Tree Rd",Longview,TX,"Gregg County",75604,US,"City of Longview"
377,"REUNION PLAZA SENIOR CARE AND REHABILITATION CENTE","1401 HAMPTON RD",TEXARKANA,TX,75503,4.0,33.4719,-94.060813,1,range_interpolation,1401,"Hampton Rd",Texarkana,TX,"Bowie County",75503,US,"TIGER/Line® dataset from the US Census Bureau"
378,"REUNION PLAZA SENIOR CARE AND REHABILITATION CENTE","1401 HAMPTON RD",TEXARKANA,TX,75503,4.0,33.4719,-94.060813,1,range_interpolation,1401,"Hampton Rd",Texarkana,TX,"Bowie County",75503,US,"TIGER/Line® dataset from the US Census Bureau"
379,"REUNION PLAZA SENIOR CARE AND REHABILITATION CENTE","1401 HAMPTON RD",TEXARKANA,TX,75503,4.0,33.4719,-94.060813,1,range_interpolation,1401,"Hampton Rd",Texarkana,TX,"Bowie County",75503,US,"TIGER/Line® dataset from the US Census Bureau"
380,"ASHFORD GARDENS","7210 NORTHLINE DR",HOUSTON,TX,77076,7.0,29.866397,-95.396813,1,rooftop,7210,"Northline Dr",Houston,TX,"Harris County",77076,US,"Greater Houston"
381,"ASHFORD GARDENS","7210 NORTHLINE DR",HOUSTON,TX,77076,7.0,29.866397,-95.396813,1,rooftop,7210,"Northline Dr",Houston,TX,"Harris County",77076,US,"Greater Houston"
382,"FOCUSED CARE AT ALLENBROOK","4109 ALLENBROOK DR",BAYTOWN,TX,77521,6.0,29.767079,-94.972649,1,rooftop,4109,"Allenbrook Dr",Baytown,TX,"Harris County",77521,US,"Greater Houston"
383,"THE CONCIERGE","2310 SOUTH ELDRIDGE PARKWAY",HOUSTON,TX,77077,4.0,29.74035,-95.624531,0.8,rooftop,2310,"Eldridge Pkwy S",Houston,TX,"Harris County",77077,US,"Greater Houston"
384,"MYSTIC PARK NURSING & REHAB CENTER","8503 MYSTIC PARK","SAN ANTONIO",TX,78254,4.0,29.522077,-98.64356,1,rooftop,8503,"Mystic Park","San Antonio",TX,"Bexar County",78254,US,"San Antonio"
385,"LAS VENTANAS DE SOCORRO","10064 ALAMEDA AVENUE",SOCORRO,TX,79927,4.0,31.660147,-106.296793,1,rooftop,10064,Alameda,"El Paso",TX,"El Paso County",79927,US,"El Paso"
386,"LAS VENTANAS DE SOCORRO","10064 ALAMEDA AVENUE",SOCORRO,TX,79927,4.0,31.660147,-106.296793,1,rooftop,10064,Alameda,"El Paso",TX,"El Paso County",79927,US,"El Paso"
387,"LAS VENTANAS DE SOCORRO","10064 ALAMEDA AVENUE",SOCORRO,TX,79927,4.0,31.660147,-106.296793,1,rooftop,10064,Alameda,"El Paso",TX,"El Paso County",79927,US,"El Paso"
388,"NORTHGATE PLAZA NURSING & REHABILITATION CENTER","2101 NORTHGATE DR",IRVING,TX,75062,5.0,32.856053,-96.974674,0.9,rooftop,2101,"W Northgate Dr",Irving,TX,"Dallas County",75062,US,Dallas
389,"RANGER CARE CENTER","460 W MAIN ST",RANGER,TX,76470,3.0,32.472286,-98.684237,1,range_interpolation,460,"W Main St",Ranger,TX,"Eastland County",76470,US,"TIGER/Line® dataset from the US Census Bureau"
390,"RANGER CARE CENTER","460 W MAIN ST",RANGER,TX,76470,3.0,32.472286,-98.684237,1,range_interpolation,460,"W Main St",Ranger,TX,"Eastland County",76470,US,"TIGER/Line® dataset from the US Census Bureau"
391,"FALCON RIDGE REHABILITATION","149 KLATTENHOFF LANE",HUTTO,TX,78634,3.0,30.511759,-97.579317,1,rooftop,149,"Klattenhoff Ln",Hutto,TX,"Williamson County",78634,US,Capcog
392,"FALCON RIDGE REHABILITATION","149 KLATTENHOFF LANE",HUTTO,TX,78634,3.0,30.511759,-97.579317,1,rooftop,149,"Klattenhoff Ln",Hutto,TX,"Williamson County",78634,US,Capcog
393,"FALCON RIDGE REHABILITATION","149 KLATTENHOFF LANE",HUTTO,TX,78634,3.0,30.511759,-97.579317,1,rooftop,149,"Klattenhoff Ln",Hutto,TX,"Williamson County",78634,US,Capcog
394,"PITTSBURG NURSING CENTER","123 PECAN GROVE",PITTSBURG,TX,75686,3.0,32.990343,-94.957206,1,range_interpolation,123,"Pecan Grv",Pittsburg,TX,"Camp County",75686,US,"TIGER/Line® dataset from the US Census Bureau"
395,"PITTSBURG NURSING CENTER","123 PECAN GROVE",PITTSBURG,TX,75686,3.0,32.990343,-94.957206,1,range_interpolation,123,"Pecan Grv",Pittsburg,TX,"Camp County",75686,US,"TIGER/Line® dataset from the US Census Bureau"
396,"PITTSBURG NURSING CENTER","123 PECAN GROVE",PITTSBURG,TX,75686,3.0,32.990343,-94.957206,1,range_interpolation,123,"Pecan Grv",Pittsburg,TX,"Camp County",75686,US,"TIGER/Line® dataset from the US Census Bureau"
397,"FREE STATE CRESTWOOD","1448 HOUSTON ST","WILLS POINT",TX,75169,6.0,32.698475,-95.99328,1,rooftop,1448,"Houston St","Wills Point",TX,"Van Zandt County",75169,US,Vanzandt
398,"FREE STATE CRESTWOOD","1448 HOUSTON ST","WILLS POINT",TX,75169,6.0,32.698475,-95.99328,1,rooftop,1448,"Houston St","Wills Point",TX,"Van Zandt County",75169,US,Vanzandt
399,"FREE STATE CRESTWOOD","1448 HOUSTON ST","WILLS POINT",TX,75169,6.0,32.698475,-95.99328,1,rooftop,1448,"Houston St","Wills Point",TX,"Van Zandt County",75169,US,Vanzandt
400,"NORMANDY TERRACE NURSING & REHABILITATION CENTER","841 RICE RD","SAN ANTONIO",TX,78220,6.0,29.409696,-98.403986,1,rooftop,841,"Rice Rd","San Antonio",TX,"Bexar County",78220,US,"San Antonio"
401,"RETAMA MANOR/LAREDO SOUTH","1100 GALVESTON",LAREDO,TX,78040,8.0,27.511306,-99.485518,1,range_interpolation,1100,"Galveston St",Laredo,TX,"Webb County",78040,US,"TIGER/Line® dataset from the US Census Bureau"
402,"RETAMA MANOR/LAREDO SOUTH","1100 GALVESTON",LAREDO,TX,78040,8.0,27.511306,-99.485518,1,range_interpolation,1100,"Galveston St",Laredo,TX,"Webb County",78040,US,"TIGER/Line® dataset from the US Census Bureau"
403,"BELTERRA HEALTH & REHAB","2170 NORTH LAKE FOREST DRIVE",MCKINNEY,TX,75071,2.0,33.221142,-96.677044,1,rooftop,2170,"N Lake Forest Dr","Mc Kinney",TX,"Collin County",75071,US,Plano
404,"THE HEIGHTS OF TYLER","2650 ELKTON TRAIL",TYLER,TX,75703,2.0,32.235066,-95.321028,0.33,place,,,Tyler,TX,"Smith County",75703,US,"TIGER/Line® dataset from the US Census Bureau"
405,"THE HEIGHTS OF TYLER","2650 ELKTON TRAIL",TYLER,TX,75703,2.0,32.235066,-95.321028,0.33,place,,,Tyler,TX,"Smith County",75703,US,"TIGER/Line® dataset from the US Census Bureau"
406,"SENIOR CARE HEALTH & REHABILITATION CENTER-DENTON","2244 BRINKER RD",DENTON,TX,76208,4.0,33.185241,-97.097287,0.9,rooftop,2244,"Brinker Rd",Denton,TX,"Denton County",76210,US,"City of Denton"
407,"SHADY ACRES HEALTH AND REHABILITATION CENTER","405 SHADY ACRES LANE",NEWTON,TX,75966,6.0,30.845258,-93.746514,1,rooftop,405,"Shady Acres Ln",Newton,TX,"Newton County",75966,US,"Statewide Partial"
408,"LAKE VILLAGE NURSING AND REHABILITATION CENTER","169 LAKE PARK RD",LEWISVILLE,TX,75057,3.0,33.072198,-97.01222,1,rooftop,169,"Lake Park Rd",Lewisville,TX,"Denton County",75057,US,"City of Lewisville"
409,"WINTERHAVEN HEALTHCARE RESIDENCE","6534 STUEBNER AIRLINE RD",HOUSTON,TX,77091,5.0,29.859314,-95.407878,1,rooftop,6534,"Stuebner Airline Rd",Houston,TX,"Harris County",77091,US,"Greater Houston"
410,"WINTERHAVEN HEALTHCARE RESIDENCE","6534 STUEBNER AIRLINE RD",HOUSTON,TX,77091,5.0,29.859314,-95.407878,1,rooftop,6534,"Stuebner Airline Rd",Houston,TX,"Harris County",77091,US,"Greater Houston"
411,"WINTERHAVEN HEALTHCARE RESIDENCE","6534 STUEBNER AIRLINE RD",HOUSTON,TX,77091,5.0,29.859314,-95.407878,1,rooftop,6534,"Stuebner Airline Rd",Houston,TX,"Harris County",77091,US,"Greater Houston"
412,"WINTERHAVEN HEALTHCARE RESIDENCE","6534 STUEBNER AIRLINE RD",HOUSTON,TX,77091,5.0,29.859314,-95.407878,1,rooftop,6534,"Stuebner Airline Rd",Houston,TX,"Harris County",77091,US,"Greater Houston"
413,"ARLINGTON VILLA RETIREMENT COMMUNITY","2601 W RANDOL MILL RD",ARLINGTON,TX,76012,1.0,32.756135,-97.144376,1,rooftop,2601,"W Randol Mill Rd",Arlington,TX,"Tarrant County",76012,US,"Tarrant County"
414,"TRISUN CARE CENTER-COASTAL PALMS","221 CEDAR DR",PORTLAND,TX,78374,7.0,27.893833,-97.312245,1,range_interpolation,221,"Cedar Dr",Portland,TX,"San Patricio County",78374,US,"TIGER/Line® dataset from the US Census Bureau"
415,"CRESTVIEW COURT","224 W PLEASANT RUN RD","CEDAR HILL",TX,75104,1.0,32.603932,-96.948753,0.7,range_interpolation,224,"Pleasant Run Rd","Cedar Hill",TX,"Dallas County",75104,US,"TIGER/Line® dataset from the US Census Bureau"
416,"CRESTVIEW COURT","224 W PLEASANT RUN RD","CEDAR HILL",TX,75104,1.0,32.603932,-96.948753,0.7,range_interpolation,224,"Pleasant Run Rd","Cedar Hill",TX,"Dallas County",75104,US,"TIGER/Line® dataset from the US Census Bureau"
417,"SAN SABA REHABILITATION LP","2400 WEST BROWN STREET","SAN SABA",TX,76877,2.0,31.198455,-98.742372,1,rooftop,2400,"W Brown St","San Saba",TX,"San Saba County",76877,US,"Statewide Partial"
418,"BUENA VIDA NURSING AND REHAB ODESSA","3800 ENGLEWOOD LN",ODESSA,TX,79762,1.0,31.889038,-102.347012,1,rooftop,3800,"Englewood Ln",Odessa,TX,"Ector County",79762,US,Ector
419,"BUENA VIDA NURSING AND REHAB ODESSA","3800 ENGLEWOOD LN",ODESSA,TX,79762,1.0,31.889038,-102.347012,1,rooftop,3800,"Englewood Ln",Odessa,TX,"Ector County",79762,US,Ector
420,"OAK MANOR NURSING HOME","1200 FERGUSON ST",NACOGDOCHES,TX,75961,2.0,31.613222,-94.650468,1,rooftop,1200,"Ferguson St",Nacogdoches,TX,"Nacogdoches County",75961,US,Nacogdoches
421,"SENIOR CARE OF MEADOW CREEK","4343 OAK GROVE BLVD","SAN ANGELO",TX,76904,2.0,31.424192,-100.500751,1,rooftop,4343,"Oak Grove Blvd","San Angelo",TX,"Tom Green County",76904,US,"Statewide Partial"
422,"BROOKDALE PLACE WILLOWBROOK","13500 BRETON RIDGE",HOUSTON,TX,77070,4.0,29.96984,-95.54285,0.6,rooftop,13500,"Breton Ridge St",Houston,TX,"Harris County",77070,US,"Greater Houston"
423,"VIBRALIFE OF EL PASO REHABILITATION CENTER","3421 JOE BATTLE BOULEVARD","EL PASO",TX,79936,2.0,31.794231,-106.269164,0.9,rooftop,3421,"Joe Battle","El Paso",TX,"El Paso County",79938,US,"El Paso"
424,"RIVERSIDE NURSING & REHAB CENTER","6801 E RIVERSIDE DR",AUSTIN,TX,78741,3.0,30.22263,-97.699025,1,rooftop,6801,"E Riverside Dr",Austin,TX,"Travis County",78741,US,Capcog
425,"ST GILES NURSING AND REHABILITATION CENTER","950 CAMINO DEL REY DRIVE","EL PASO",TX,79927,1.0,31.688747,-106.291329,1,rooftop,950,"Camino Del Rey","El Paso",TX,"El Paso County",79927,US,"El Paso"
426,"ST GILES NURSING AND REHABILITATION CENTER","950 CAMINO DEL REY DRIVE","EL PASO",TX,79927,1.0,31.688747,-106.291329,1,rooftop,950,"Camino Del Rey","El Paso",TX,"El Paso County",79927,US,"El Paso"
427,"HERITAGE OAKS","1112 GIBBINS RD",ARLINGTON,TX,76011,4.0,32.752178,-97.112169,1,rooftop,1112,"Gibbins Rd",Arlington,TX,"Tarrant County",76011,US,"Tarrant County"
428,"WILLOW SPRINGS HEALTH & REHABILITATION CENTER","4934 S 7TH ST",ABILENE,TX,79605,2.0,32.443995,-99.785401,1,rooftop,4934,"S 7th St",Abilene,TX,"Taylor County",79605,US,"City of Abilene"
429,"PENNSYLVANIA NURSING AND REHABILITATION CENTER","901 PENNSYLVANIA AVE","FORT WORTH",TX,76104,7.0,32.738134,-97.334448,1,rooftop,901,"Pennsylvania Ave","Fort Worth",TX,"Tarrant County",76104,US,"Tarrant County"
430,"SOLERA AT WEST HOUSTON","2101 GREENHOUSE ROAD",HOUSTON,TX,77084,4.0,29.793531,-95.706516,1,rooftop,2101,"Greenhouse Rd",Houston,TX,"Harris County",77084,US,Houston
431,"FT WORTH SOUTHWEST NURSING CENTER","5300 ALTA MESA BLVD","FORT WORTH",TX,76133,4.0,32.643884,-97.404575,1,range_interpolation,5300,"Alta Mesa Dr","Fort Worth",TX,"Tarrant County",76133,US,"TIGER/Line® dataset from the US Census Bureau"
432,"FT WORTH SOUTHWEST NURSING CENTER","5300 ALTA MESA BLVD","FORT WORTH",TX,76133,4.0,32.643884,-97.404575,1,range_interpolation,5300,"Alta Mesa Dr","Fort Worth",TX,"Tarrant County",76133,US,"TIGER/Line® dataset from the US Census Bureau"
433,"FT WORTH SOUTHWEST NURSING CENTER","5300 ALTA MESA BLVD","FORT WORTH",TX,76133,4.0,32.643884,-97.404575,1,range_interpolation,5300,"Alta Mesa Dr","Fort Worth",TX,"Tarrant County",76133,US,"TIGER/Line® dataset from the US Census Bureau"
434,"BENBROOK NURSING & REHABILITATION CENTER","1000 MCKINLEY ST",BENBROOK,TX,76126,12.0,32.677307,-97.464949,1,rooftop,1000,"McKinley St","Fort Worth",TX,"Tarrant County",76126,US,"Tarrant County"
435,"JACINTO NURSING & REHABILITATION CENTER, LLC","1405 HOLLAND",HOUSTON,TX,77029,9.0,29.765631,-95.233476,1,rooftop,1405,"Holland St",Houston,TX,"Harris County",77029,US,"Greater Houston"
436,"JACINTO NURSING & REHABILITATION CENTER, LLC","1405 HOLLAND",HOUSTON,TX,77029,9.0,29.765631,-95.233476,1,rooftop,1405,"Holland St",Houston,TX,"Harris County",77029,US,"Greater Houston"
437,"JACINTO NURSING & REHABILITATION CENTER, LLC","1405 HOLLAND",HOUSTON,TX,77029,9.0,29.765631,-95.233476,1,rooftop,1405,"Holland St",Houston,TX,"Harris County",77029,US,"Greater Houston"
438,"JACINTO NURSING & REHABILITATION CENTER, LLC","1405 HOLLAND",HOUSTON,TX,77029,9.0,29.765631,-95.233476,1,rooftop,1405,"Holland St",Houston,TX,"Harris County",77029,US,"Greater Houston"
439,"LAMPSTAND NURSING AND REHABILITATION LP","2001 E 29TH ST",BRYAN,TX,77802,4.0,30.657801,-96.355709,1,rooftop,2001,"E 29th St",Bryan,TX,"Brazos County",77802,US,Brazos
440,"LAMPSTAND NURSING AND REHABILITATION LP","2001 E 29TH ST",BRYAN,TX,77802,4.0,30.657801,-96.355709,1,rooftop,2001,"E 29th St",Bryan,TX,"Brazos County",77802,US,Brazos
441,"THE REHABILITATION & WELLNESS CENTRE OF DALLAS LLC","4200 LIVE OAK ST",DALLAS,TX,75204,1.0,32.796699,-96.778534,1,rooftop,4200,"Live Oak St",Dallas,TX,"Dallas County",75204,US,Dallas
442,"LAS PALMAS","369 MARS DR",COTULLA,TX,78014,4.0,28.445533,-99.240147,1,rooftop,369,Mars,Cotulla,TX,"La Salle County",78014,US,Lasalle
443,"RUNNINGWATER DRAW CARE CENTER INC","800  W  13TH  ST",OLTON,TX,79064,3.0,34.176052,-102.138236,1,rooftop,800,"13th St",Olton,TX,"Lamb County",79064,US,"Statewide Partial"
444,"FRANKLIN NURSING HOME","700 HEARNE ST",FRANKLIN,TX,77856,3.0,31.027998,-96.491462,1,range_interpolation,700,"Hearne St",Franklin,TX,"Robertson County",77856,US,"TIGER/Line® dataset from the US Census Bureau"
445,"BRIARWOOD NURSING & REHABILITATION","7633 BELLFORT",HOUSTON,TX,77061,4.0,29.673438,-95.285154,1,rooftop,7633,"Bellfort St",Houston,TX,"Harris County",77061,US,"Greater Houston"
446,"BRIARWOOD NURSING & REHABILITATION","7633 BELLFORT",HOUSTON,TX,77061,4.0,29.673438,-95.285154,1,rooftop,7633,"Bellfort St",Houston,TX,"Harris County",77061,US,"Greater Houston"
447,"WEST LAKE HEALTHCARE RESIDENCE","825 W KEARNEY",MESQUITE,TX,75149,5.0,32.771364,-96.609349,1,rooftop,825,"W Kearney St",Mesquite,TX,"Dallas County",75149,US,Dallas
448,"TOMBALL REHAB & NURSING","815 N PEACH ST",TOMBALL,TX,77375,1.0,30.104305,-95.614201,1,range_interpolation,815,"N Peach St",Tomball,TX,"Harris County",77375,US,"TIGER/Line® dataset from the US Census Bureau"
449,"TOMBALL REHAB & NURSING","815 N PEACH ST",TOMBALL,TX,77375,1.0,30.104305,-95.614201,1,range_interpolation,815,"N Peach St",Tomball,TX,"Harris County",77375,US,"TIGER/Line® dataset from the US Census Bureau"
450,"CARTHAGE LTC PARTNERS INC","501 COTTAGE RD",CARTHAGE,TX,75633,1.0,32.167479,-94.346928,1,range_interpolation,501,"Cottage Rd",Carthage,TX,"Panola County",75633,US,"TIGER/Line® dataset from the US Census Bureau"
451,"GEORGIA MANOR NURSING HOME","2611 W 46TH AVE",AMARILLO,TX,79110,2.0,35.161336,-101.864581,1,range_interpolation,2611,"W 46th Ave",Amarillo,TX,"Randall County",79110,US,"TIGER/Line® dataset from the US Census Bureau"
452,"FORT STOCKTON LIVING & REHABILITATION","501 N SYCAMORE","FORT STOCKTON",TX,79735,4.0,30.889902,-102.909587,1,rooftop,501,"N Sycamore St","Fort Stockton",TX,"Pecos County",79735,US,"Statewide Partial"
453,"CIBOLO CREEK","1440 RIVER RD",BOERNE,TX,78006,5.0,29.789906,-98.709554,1,rooftop,1440,"River Rd",Boerne,TX,"Kendall County",78006,US,Kendall
454,"LEGEND OAKS HEALTH AND REHABILITATION - KATY","21727 PROVINCIAL BLVD",KATY,TX,77450,2.0,29.778025,-95.746599,1,rooftop,21727,"Provincial Blvd",Katy,TX,"Harris County",77450,US,Houston
455,"HERITAGE OAKS NURSING AND REHABILITATION CENTER","5301 UNIVERSITY AVE",LUBBOCK,TX,79413,3.0,33.545611,-101.869979,0.9,rooftop,5301,"University Ave",Lubbock,TX,"Lubbock County",79412,US,Lubbock
456,"HERITAGE OAKS NURSING AND REHABILITATION CENTER","5301 UNIVERSITY AVE",LUBBOCK,TX,79413,3.0,33.545611,-101.869979,0.9,rooftop,5301,"University Ave",Lubbock,TX,"Lubbock County",79412,US,Lubbock
457,"GREENVILLE GARDENS","3500 PARK ST",GREENVILLE,TX,75401,4.0,33.131191,-96.116574,1,rooftop,3500,"Park St",Greenville,TX,"Hunt County",75401,US,Hunt
458,"WHEELER NURSING & REHABILITATION","1000 S KIOWA ST",WHEELER,TX,79096,3.0,35.438286,-100.277831,0.8,rooftop,1000,"Kiowa St",Wheeler,TX,"Wheeler County",79096,US,"Statewide Partial"
459,"THE VILLAGE AT RICHARDSON","1111 ROCKINGHAM LN",RICHARDSON,TX,75080,4.0,32.965487,-96.740281,1,rooftop,1111,"Rockingham Ln",Richardson,TX,"Dallas County",75080,US,Dallas
460,"THE VILLAGE AT RICHARDSON","1111 ROCKINGHAM LN",RICHARDSON,TX,75080,4.0,32.965487,-96.740281,1,rooftop,1111,"Rockingham Ln",Richardson,TX,"Dallas County",75080,US,Dallas
461,"HILL COUNTRY CARE CENTER","111 HOSPITAL DR",JUNCTION,TX,76849,2.0,30.497443,-99.779221,1,rooftop,111,"Hospital Dr",Junction,TX,"Kimble County",76849,US,"Statewide Partial"
462,"HILL COUNTRY CARE CENTER","111 HOSPITAL DR",JUNCTION,TX,76849,2.0,30.497443,-99.779221,1,rooftop,111,"Hospital Dr",Junction,TX,"Kimble County",76849,US,"Statewide Partial"
463,"APEX SECURE CARE BROWNFIELD","1101 E LAKE ST",BROWNFIELD,TX,79316,3.0,33.182837,-102.261641,1,rooftop,1101,"E Lake St",Brownfield,TX,"Terry County",79316,US,"Statewide Partial"
464,"APEX SECURE CARE BROWNFIELD","1101 E LAKE ST",BROWNFIELD,TX,79316,3.0,33.182837,-102.261641,1,rooftop,1101,"E Lake St",Brownfield,TX,"Terry County",79316,US,"Statewide Partial"
465,"APEX SECURE CARE BROWNFIELD","1101 E LAKE ST",BROWNFIELD,TX,79316,3.0,33.182837,-102.261641,1,rooftop,1101,"E Lake St",Brownfield,TX,"Terry County",79316,US,"Statewide Partial"
466,"SOUTH DALLAS NURSING & REHABILITATION","3808 S CENTRAL EXPWY",DALLAS,TX,75215,1.0,32.756692,-96.766674,1,rooftop,3808,"S Central Expy",Dallas,TX,"Dallas County",75215,US,Dallas
467,"RIVER CITY CARE CENTER","921 NOLAN ST","SAN ANTONIO",TX,78202,4.0,29.427953,-98.469121,1,rooftop,921,Nolan,"San Antonio",TX,"Bexar County",78202,US,"San Antonio"
468,"RIVER CITY CARE CENTER","921 NOLAN ST","SAN ANTONIO",TX,78202,4.0,29.427953,-98.469121,1,rooftop,921,Nolan,"San Antonio",TX,"Bexar County",78202,US,"San Antonio"
469,"MITCHELL COUNTY NURSING AND REHABILITATION CENTER","1941 CHESTNUT ST","COLORADO CITY",TX,79512,4.0,32.406074,-100.86428,1,rooftop,1941,"Chestnut St","Colorado City",TX,"Mitchell County",79512,US,"Statewide Partial"
470,"MITCHELL COUNTY NURSING AND REHABILITATION CENTER","1941 CHESTNUT ST","COLORADO CITY",TX,79512,4.0,32.406074,-100.86428,1,rooftop,1941,"Chestnut St","Colorado City",TX,"Mitchell County",79512,US,"Statewide Partial"
471,"SENIOR CARE HEALTH AND REHABILITATION CENTER - DAL","2815 MARTIN LUTHER KING JR BLVD",DALLAS,TX,75215,3.0,32.76979,-96.768288,1,rooftop,2815,"Martin Luther King Jr Blvd",Dallas,TX,"Dallas County",75215,US,Dallas
472,"BROOKDALE SPICEWOOD SPRINGS","4401 SPICEWOOD SPRINGS RD",AUSTIN,TX,78759,2.0,30.372155,-97.758891,1,rooftop,4401,"Spicewood Springs Rd",Austin,TX,"Travis County",78759,US,"City of Austin"
473,"RENAISSANCE VILLA","700 DYER ST",ROCKDALE,TX,76567,2.0,30.656438,-97.014137,1,rooftop,700,"Dyer St",Rockdale,TX,"Milam County",76567,US,Milam
474,"MESA SPRINGS HEALTHCARE CENTER","7171 BUFFALO GAP RD",ABILENE,TX,79606,3.0,32.362346,-99.780332,1,rooftop,7171,"Buffalo Gap Rd",Abilene,TX,"Taylor County",79606,US,"City of Abilene"
475,"ROCKWOOD MANOR","2000 N MAIN",MIDLAND,TX,79705,6.0,32.018363,-102.077126,1,rooftop,2000,"N Main St",Midland,TX,"Midland County",79705,US,Midland
476,"REMARKABLE HEALTHCARE OF FORT WORTH","6649 N RIVERSIDE DR","FORT WORTH",TX,76137,1.0,32.871949,-97.311061,1,rooftop,6649,"N Riverside Dr","Fort Worth",TX,"Tarrant County",76137,US,"Tarrant County"
477,"CITYVIEW CARE CENTER","5801 BRYANT IRVIN RD","FORT WORTH",TX,76132,4.0,32.664066,-97.420205,1,rooftop,5801,"Bryant Irvin Rd","Fort Worth",TX,"Tarrant County",76132,US,"Tarrant County"
478,"DECATUR NURSING AND REHABILITATION LP","605 W MULBERRY",DECATUR,TX,76234,3.0,33.239307,-97.591716,1,rooftop,605,"W Mulberry St",Decatur,TX,"Wise County",76234,US,"Statewide Partial"
479,"RIDGEVIEW REHABILITATION AND SKILLED NURSING","206 WALLS DR",CLEBURNE,TX,76033,6.0,32.330479,-97.440787,1,rooftop,206,"Walls Dr",Cleburne,TX,"Johnson County",76033,US,"Statewide Partial"
480,"SUMMER PLACE NURSING & REHABILITATION","2485 S MAJOR DR",BEAUMONT,TX,77707,4.0,30.051161,-94.189056,1,rooftop,2485,"S Major Dr",Beaumont,TX,"Jefferson County",77707,US,"City of Beaumont"
481,"SENIOR CARE OF MIDLAND","3000 MOCKINGBIRD LN",MIDLAND,TX,79705,2.0,32.048824,-102.130742,0.9,rooftop,3000,"Mockingbird Ln",Midland,TX,"Midland County",79707,US,Midland
482,"BRIARCLIFF HEALTH CENTER OF GREENVILLE INC","4400 WALNUT ST",GREENVILLE,TX,75401,3.0,33.125298,-96.121589,1,rooftop,4400,"Walnut St",Greenville,TX,"Hunt County",75401,US,"Statewide Partial"
483,"ARBOR TERRACE HEALTHCARE CENTER","609 RIO CONCHO DR","SAN ANGELO",TX,76903,3.0,31.4593,-100.42361,1,rooftop,609,"Rio Concho Dr","San Angelo",TX,"Tom Green County",76903,US,"Statewide Partial"
484,"OASIS NURSING & REHABILITATION CENTER","9001 N LOOP","EL PASO",TX,79907,5.0,31.704439,-106.31587,1,rooftop,9001,"North Loop","El Paso",TX,"El Paso County",79907,US,"El Paso"
485,"OASIS NURSING & REHABILITATION CENTER","9001 N LOOP","EL PASO",TX,79907,5.0,31.704439,-106.31587,1,rooftop,9001,"North Loop","El Paso",TX,"El Paso County",79907,US,"El Paso"
486,"WHITESBORO HEALTH AND REHABILITATION CENTER","1204 SHERMAN DR",WHITESBORO,TX,76273,3.0,33.648437,-96.889939,1,rooftop,1204,"Sherman Dr",Whitesboro,TX,"Grayson County",76273,US,"City of Denison"
487,"ROSE HAVEN RETREAT","200 LIVE OAK ST",ATLANTA,TX,75551,2.0,33.107277,-94.165796,1,range_interpolation,200,"Live Oak Dr",Atlanta,TX,"Cass County",75551,US,"TIGER/Line® dataset from the US Census Bureau"
488,"ESTATES HEALTHCARE AND REHABILITATION CENTER","201 SYCAMORE SCHOOL RD","FORT WORTH",TX,76134,5.0,32.634606,-97.325309,1,rooftop,201,"Sycamore School Rd","Fort Worth",TX,"Tarrant County",76134,US,"Tarrant County"
489,"CANTON OAKS","1901 S TRADE DAYS BLVD",CANTON,TX,75103,5.0,32.533888,-95.863081,1,rooftop,1901,"S Trade Days Blvd",Canton,TX,"Van Zandt County",75103,US,Vanzandt
490,"CIMARRON PLACE HEALTH & REHABILITATION CENTER","3801 CIMARRON","CORPUS CHRISTI",TX,78414,5.0,27.664024,-97.378735,1,range_interpolation,3801,"Cimarron Blvd","Corpus Christi",TX,"Nueces County",78414,US,"TIGER/Line® dataset from the US Census Bureau"
