,Provider Name,Provider Address,Provider City,Provider State,Provider Zip Code,sum
0,LYTLE NURSING HOME,15366 OAK ST,LYTLE,TX,78052,6.0
1,COLONIAL MANOR CARE CENTER,821 US HWY 81 W,NEW BRAUNFELS,TX,78130,9.0
2,COLONIAL MANOR CARE CENTER,821 US HWY 81 W,NEW BRAUNFELS,TX,78130,9.0
3,COLONIAL MANOR CARE CENTER,821 US HWY 81 W,NEW BRAUNFELS,TX,78130,9.0
4,THE ARBORS HEALTHCARE AND REHABILITATION CENTER,1884 LOOP 343 WEST,RUSK,TX,75785,3.0
5,REGAL HEALTHCARE RESIDENCE,1000 AVE J,LAMPASAS,TX,76550,6.0
6,OAK CREST NURSING CENTER,1902 FM 3036,ROCKPORT,TX,78382,9.0
7,OAK CREST NURSING CENTER,1902 FM 3036,ROCKPORT,TX,78382,9.0
8,FOCUSED CARE AT SHERMAN,817 W CENTER,SHERMAN,TX,75090,1.0
9,TEXAN NURSING & REHAB OF GONZALES,3428 MOULTON RD,GONZALES,TX,78629,3.0
10,NORTH PARK HEALTH AND REHABILITATION CENTER,1720 N MCDONALD,MCKINNEY,TX,75069,5.0
11,WINDSOR CARE CENTER,250 W BRITISH FLYING SCHOOL BLVD,TERRELL,TX,75160,3.0
12,BIRCHWOOD NURSING AND REHABILITATION LP,110 W HWY 64,COOPER,TX,75432,1.0
13,BIRCHWOOD NURSING AND REHABILITATION LP,110 W HWY 64,COOPER,TX,75432,1.0
14,LAMUN-LUSK-SANCHEZ TEXAS STATE VETERANS HOME,1809 N HWY 87,BIG SPRING,TX,79720,1.0
15,CRANE NURSING & REHABILITATION CENTER,699 CAMPUS DR,CRANE,TX,79731,1.0
16,COUNTRY CARE MANOR,2736 FARM TO MARKET 775,LA VERNIA,TX,78121,4.0
17,WINFIELD REHAB & NURSING,1108 E LOOP 304,CROCKETT,TX,75835,2.0
18,WILLOW REHAB & NURSING,1901 WHIPPOORWILL,KILGORE,TX,75662,3.0
19,WILLOW REHAB & NURSING,1901 WHIPPOORWILL,KILGORE,TX,75662,3.0
20,TOWN HALL ESTATES WHITNEY INC,101 SAN MARCUS,WHITNEY,TX,76692,5.0
21,BANDERA NURSING & REHAB CENTER,222 FM 1077,BANDERA,TX,78003,7.0
22,SCC AT WESTOVER HILLS REHABILITATION AND HEALTHCAR,9922 STATE HWY. 151,SAN ANTONIO,TX,78251,4.0
23,SCC AT WESTOVER HILLS REHABILITATION AND HEALTHCAR,9922 STATE HWY. 151,SAN ANTONIO,TX,78251,4.0
24,AUTUMN WINDS LIVING & REHABILITATION,3301 FM 3009,SCHERTZ,TX,78154,8.0
25,AUTUMN WINDS LIVING & REHABILITATION,3301 FM 3009,SCHERTZ,TX,78154,8.0
26,THE RIO AT MAINLAND CENTER,1011 MAINLAND CENTER DR,TEXAS CITY,TX,77591,2.0
27,THE RIO AT MAINLAND CENTER,1011 MAINLAND CENTER DR,TEXAS CITY,TX,77591,2.0
28,HARMONEE HOUSE,1400 MAIN ST,AMHERST,TX,79312,1.0
29,HARMONEE HOUSE,1400 MAIN ST,AMHERST,TX,79312,1.0
30,BRIGHTPOINTE AT RIVERSHIRE,604 S CONROE MEDICAL DR,CONROE,TX,77304,1.0
31,CIMARRON PARK NURSING AND REHABILITATION CENTER,7441 PASEO DEL NORTE,EL PASO,TX,79911,1.0
32,ELKHART OAKS CARE CENTER,214 JONES RD,ELKHART,TX,75839,3.0
33,ELKHART OAKS CARE CENTER,214 JONES RD,ELKHART,TX,75839,3.0
34,OAKMONT HEALTHCARE AND REHABILITATION CENTER OF KA,1525 TULL DR,KATY,TX,77449,2.0
35,OAKMONT HEALTHCARE AND REHABILITATION CENTER OF KA,1525 TULL DR,KATY,TX,77449,2.0
36,CISCO NURSING & REHABILITATION,1404 FRONT ST,CISCO,TX,76437,2.0
37,CISCO NURSING & REHABILITATION,1404 FRONT ST,CISCO,TX,76437,2.0
38,CISCO NURSING & REHABILITATION,1404 FRONT ST,CISCO,TX,76437,2.0
39,CISCO NURSING & REHABILITATION,1404 FRONT ST,CISCO,TX,76437,2.0
40,DFW NURSING & REHAB,900 W LEUDA ST,FORT WORTH,TX,76104,2.0
41,SWEETWATER HEALTHCARE CENTER,1600 JOSEPHINE ST,SWEETWATER,TX,79556,1.0
42,KENNEDY HEALTH & REHAB,504 N JOHN REDDITT DR,LUFKIN,TX,75904,5.0
43,KENNEDY HEALTH & REHAB,504 N JOHN REDDITT DR,LUFKIN,TX,75904,5.0
44,KENNEDY HEALTH & REHAB,504 N JOHN REDDITT DR,LUFKIN,TX,75904,5.0
45,LINDALE HEALTHCARE CENTER,215 MARGARET ST,LINDALE,TX,75771,2.0
46,LINDALE HEALTHCARE CENTER,215 MARGARET ST,LINDALE,TX,75771,2.0
47,RETAMA MANOR NURSING CENTER,2322 MORGAN AVE,CORPUS CHRISTI,TX,78405,10.0
48,RETAMA MANOR NURSING CENTER,2322 MORGAN AVE,CORPUS CHRISTI,TX,78405,10.0
49,RETAMA MANOR NURSING CENTER,2322 MORGAN AVE,CORPUS CHRISTI,TX,78405,10.0
50,RETAMA MANOR NURSING CENTER,2322 MORGAN AVE,CORPUS CHRISTI,TX,78405,10.0
51,RETAMA MANOR NURSING CENTER,2322 MORGAN AVE,CORPUS CHRISTI,TX,78405,10.0
52,WESTERN HILLS HEALTHCARE RESIDENCE,400 OLD SIDNEY RD,COMANCHE,TX,76442,1.0
53,WESTERN HILLS HEALTHCARE RESIDENCE,400 OLD SIDNEY RD,COMANCHE,TX,76442,1.0
54,WESTERN HILLS HEALTHCARE RESIDENCE,400 OLD SIDNEY RD,COMANCHE,TX,76442,1.0
55,NORTHERN OAKS LIVING & REHABILITATION CENTER,2722 OLD ANSON RD,ABILENE,TX,79603,2.0
56,NORTHERN OAKS LIVING & REHABILITATION CENTER,2722 OLD ANSON RD,ABILENE,TX,79603,2.0
57,NORTHERN OAKS LIVING & REHABILITATION CENTER,2722 OLD ANSON RD,ABILENE,TX,79603,2.0
58,ARLINGTON HEIGHTS HEALTH AND REHABILITATION CENTER,4825 WELLESLEY ST,FORT WORTH,TX,76107,5.0
59,ARLINGTON HEIGHTS HEALTH AND REHABILITATION CENTER,4825 WELLESLEY ST,FORT WORTH,TX,76107,5.0
60,ARLINGTON HEIGHTS HEALTH AND REHABILITATION CENTER,4825 WELLESLEY ST,FORT WORTH,TX,76107,5.0
61,PEBBLE CREEK NURSING CENTER,11608 SCOTT SIMPSON DR,EL PASO,TX,79936,7.0
62,THE PALMS NURSING & REHABILITATION,5607 EVERHART RD,CORPUS CHRISTI,TX,78411,8.0
63,THE PALMS NURSING & REHABILITATION,5607 EVERHART RD,CORPUS CHRISTI,TX,78411,8.0
64,CORPUS NURSING AND REHABILITATION LP,1314 3RD STREET,CORPUS CHRISTI,TX,78401,14.0
65,CORPUS NURSING AND REHABILITATION LP,1314 3RD STREET,CORPUS CHRISTI,TX,78401,14.0
66,CORPUS NURSING AND REHABILITATION LP,1314 3RD STREET,CORPUS CHRISTI,TX,78401,14.0
67,WILLOWBROOK NURSING CENTER,227 RUSSELL BLVD,NACOGDOCHES,TX,75965,5.0
68,TEXAS INSTITUTE FOR CLINICALLY COMPLEX CARE,10851 CRESCENT MOON DR,HOUSTON,TX,77064,6.0
69,TEXAS INSTITUTE FOR CLINICALLY COMPLEX CARE,10851 CRESCENT MOON DR,HOUSTON,TX,77064,6.0
70,TEXAS INSTITUTE FOR CLINICALLY COMPLEX CARE,10851 CRESCENT MOON DR,HOUSTON,TX,77064,6.0
71,TEXAS INSTITUTE FOR CLINICALLY COMPLEX CARE,10851 CRESCENT MOON DR,HOUSTON,TX,77064,6.0
72,OAKMONT HEALTHCARE AND REHABILITATION CENTER OF HU,8450 WILL CLAYTON PKWY,HUMBLE,TX,77338,8.0
73,OAKMONT HEALTHCARE AND REHABILITATION CENTER OF HU,8450 WILL CLAYTON PKWY,HUMBLE,TX,77338,8.0
74,OAKMONT HEALTHCARE AND REHABILITATION CENTER OF HU,8450 WILL CLAYTON PKWY,HUMBLE,TX,77338,8.0
75,OAKMONT HEALTHCARE AND REHABILITATION CENTER OF HU,8450 WILL CLAYTON PKWY,HUMBLE,TX,77338,8.0
76,PARK HIGHLANDS NURSING & REHABILITATION CENTER,711 LUCAS ST,ATHENS,TX,75751,6.0
77,PARK HIGHLANDS NURSING & REHABILITATION CENTER,711 LUCAS ST,ATHENS,TX,75751,6.0
78,PARK HIGHLANDS NURSING & REHABILITATION CENTER,711 LUCAS ST,ATHENS,TX,75751,6.0
79,GLENVIEW WELLNESS & REHABILITATION,7625 GLENVIEW DR,NORTH RICHLAND HILLS,TX,76180,1.0
80,SUNRISE NURSING & REHAB CENTER,50 BRIGGS ST,SAN ANTONIO,TX,78224,2.0
81,SUNRISE NURSING & REHAB CENTER,50 BRIGGS ST,SAN ANTONIO,TX,78224,2.0
82,VISTA HILLS HEALTH CARE CENTER,1599 LOMALAND DR,EL PASO,TX,79935,3.0
83,FORTRESS NURSING AND REHABILITATION LP,1105 ROCK PRAIRIE RD,COLLEGE STATION,TX,77845,3.0
84,FIRST COLONY HEALTH AND REHABILITATION CENTER,4710 LEXINGTON BLVD,MISSOURI CITY,TX,77459,3.0
85,FIRST COLONY HEALTH AND REHABILITATION CENTER,4710 LEXINGTON BLVD,MISSOURI CITY,TX,77459,3.0
86,FIRST COLONY HEALTH AND REHABILITATION CENTER,4710 LEXINGTON BLVD,MISSOURI CITY,TX,77459,3.0
87,FIRST COLONY HEALTH AND REHABILITATION CENTER,4710 LEXINGTON BLVD,MISSOURI CITY,TX,77459,3.0
88,SENIOR CARE OF WINDCREST,8800 FOURWINDS DR,SAN ANTONIO,TX,78239,4.0
89,TRINITY HEALTHCARE RESIDENCE,8001 WESTERN HILLS BLVD,FORT WORTH,TX,76108,6.0
90,TRINITY HEALTHCARE RESIDENCE,8001 WESTERN HILLS BLVD,FORT WORTH,TX,76108,6.0
91,THE MEADOWS HEALTH AND REHABILITATION CENTER,8383 MEADOW RD,DALLAS,TX,75231,4.0
92,THE MEADOWS HEALTH AND REHABILITATION CENTER,8383 MEADOW RD,DALLAS,TX,75231,4.0
93,TOWN AND COUNTRY MANOR,625 N MAIN ST,BOERNE,TX,78006,7.0
94,TOWN AND COUNTRY MANOR,625 N MAIN ST,BOERNE,TX,78006,7.0
95,TOWN AND COUNTRY MANOR,625 N MAIN ST,BOERNE,TX,78006,7.0
96,WEST SIDE CAMPUS OF CARE,1950 S LAS VEGAS TRAIL,WHITE SETTLEMENT,TX,76108,1.0
97,WEST SIDE CAMPUS OF CARE,1950 S LAS VEGAS TRAIL,WHITE SETTLEMENT,TX,76108,1.0
98,THE FORUM AT MEMORIAL WOODS HEALTHCARE CENTER,777 N POST OAK RD,HOUSTON,TX,77024,2.0
99,THE FORUM AT MEMORIAL WOODS HEALTHCARE CENTER,777 N POST OAK RD,HOUSTON,TX,77024,2.0
100,INTERLOCHEN HEALTH AND REHABILITATION CENTER,2645 W RANDOL MILL RD,ARLINGTON,TX,76012,4.0
101,INTERLOCHEN HEALTH AND REHABILITATION CENTER,2645 W RANDOL MILL RD,ARLINGTON,TX,76012,4.0
102,INTERLOCHEN HEALTH AND REHABILITATION CENTER,2645 W RANDOL MILL RD,ARLINGTON,TX,76012,4.0
103,MISSION MANOR HEALTHCARE RESIDENCE,501 YATES ST,MOUNT VERNON,TX,75457,5.0
104,RETAMA MANOR NURSING CENTER/LAREDO-WEST,1200 LANE,LAREDO,TX,78043,5.0
105,RETAMA MANOR NURSING CENTER/LAREDO-WEST,1200 LANE,LAREDO,TX,78043,5.0
106,LAKE WORTH NURSING HOME,4220 WELLS DR,LAKE WORTH,TX,76135,4.0
107,WEATHERFORD HEALTH CARE CENTER,521 W 7TH ST,WEATHERFORD,TX,76086,2.0
108,WEATHERFORD HEALTH CARE CENTER,521 W 7TH ST,WEATHERFORD,TX,76086,2.0
109,AFTON OAKS NURSING CENTER,7514 KINGSLEY ST,HOUSTON,TX,77087,5.0
110,AFTON OAKS NURSING CENTER,7514 KINGSLEY ST,HOUSTON,TX,77087,5.0
111,PLUM CREEK HEALTHCARE RESIDENCE,5601 PLUM CREEK DR,AMARILLO,TX,79124,6.0
112,PLUM CREEK HEALTHCARE RESIDENCE,5601 PLUM CREEK DR,AMARILLO,TX,79124,6.0
113,PLUM CREEK HEALTHCARE RESIDENCE,5601 PLUM CREEK DR,AMARILLO,TX,79124,6.0
114,WHARTON NURSING AND REHABILITATION CENTER,1220 SUNNY LANE,WHARTON,TX,77488,4.0
115,WHARTON NURSING AND REHABILITATION CENTER,1220 SUNNY LANE,WHARTON,TX,77488,4.0
116,WHARTON NURSING AND REHABILITATION CENTER,1220 SUNNY LANE,WHARTON,TX,77488,4.0
117,WHARTON NURSING AND REHABILITATION CENTER,1220 SUNNY LANE,WHARTON,TX,77488,4.0
118,WHARTON NURSING AND REHABILITATION CENTER,1220 SUNNY LANE,WHARTON,TX,77488,4.0
119,PLEASANT SPRINGS HEALTHCARE CENTER,2003 N EDWARDS ST,MOUNT PLEASANT,TX,75455,1.0
120,PLEASANT SPRINGS HEALTHCARE CENTER,2003 N EDWARDS ST,MOUNT PLEASANT,TX,75455,1.0
121,PLEASANT SPRINGS HEALTHCARE CENTER,2003 N EDWARDS ST,MOUNT PLEASANT,TX,75455,1.0
122,WILLOWBROOK RESIDENCE AND REHABILITATION CENTER,13631 ARDFIELD DR,HOUSTON,TX,77070,5.0
123,WILLOWBROOK RESIDENCE AND REHABILITATION CENTER,13631 ARDFIELD DR,HOUSTON,TX,77070,5.0
124,TREEMONT HEALTHCARE AND REHABILITATION CENTER,5550 HARVEST HILL RD,DALLAS,TX,75230,4.0
125,GARDENDALE REHABILITATION AND NURSING CENTER,1521 E RUSK,JACKSONVILLE,TX,75766,6.0
126,GARDENDALE REHABILITATION AND NURSING CENTER,1521 E RUSK,JACKSONVILLE,TX,75766,6.0
127,GARDENDALE REHABILITATION AND NURSING CENTER,1521 E RUSK,JACKSONVILLE,TX,75766,6.0
128,GARDENDALE REHABILITATION AND NURSING CENTER,1521 E RUSK,JACKSONVILLE,TX,75766,6.0
129,GARDENDALE REHABILITATION AND NURSING CENTER,1521 E RUSK,JACKSONVILLE,TX,75766,6.0
130,PARIS HEALTHCARE CENTER,610 DESHONG DR,PARIS,TX,75460,3.0
131,PARIS HEALTHCARE CENTER,610 DESHONG DR,PARIS,TX,75460,3.0
132,PARIS HEALTHCARE CENTER,610 DESHONG DR,PARIS,TX,75460,3.0
133,PARIS HEALTHCARE CENTER,610 DESHONG DR,PARIS,TX,75460,3.0
134,MOUNTAIN VIEW HEALTH & REHABILITATION,1600 MURCHISON RD,EL PASO,TX,79902,2.0
135,MOUNTAIN VIEW HEALTH & REHABILITATION,1600 MURCHISON RD,EL PASO,TX,79902,2.0
136,MOUNTAIN VIEW HEALTH & REHABILITATION,1600 MURCHISON RD,EL PASO,TX,79902,2.0
137,MOUNTAIN VIEW HEALTH & REHABILITATION,1600 MURCHISON RD,EL PASO,TX,79902,2.0
138,SAGE HEALTHCARE CENTER,1201 N 15TH ST,LAMESA,TX,79331,5.0
139,SAGE HEALTHCARE CENTER,1201 N 15TH ST,LAMESA,TX,79331,5.0
140,MESA VISTA INN HEALTH CENTER,5756 N KNOLL DR,SAN ANTONIO,TX,78240,4.0
141,FOCUSED CARE AT CLARKSVILLE,2407 WEST MAIN STREET,CLARKSVILLE,TX,75426,2.0
142,SKYLINE NURSING CENTER,3326 BURGOYNE,DALLAS,TX,75233,1.0
143,LAKE JACKSON HEALTHCARE CENTER,413 GARLAND DR,LAKE JACKSON,TX,77566,4.0
144,HERITAGE AT LONGVIEW HEALTHCARE CENTER,112 RUTHLYNN DR,LONGVIEW,TX,75605,1.0
145,WEBSTER RESIDENCE AND REHABILITATION CENTER,750 N TEXAS AVE,WEBSTER,TX,77598,4.0
146,CHRISTIAN CARE CENTER,1000 WIGGINS PKWY,MESQUITE,TX,75150,2.0
147,GRANBURY REHAB & NURSING,2124 PALUXY HWY,GRANBURY,TX,76048,3.0
148,FORT WORTH WELLNESS & REHABILITATION,2129 SKYLINE DR,FORT WORTH,TX,76114,1.0
149,FORT WORTH WELLNESS & REHABILITATION,2129 SKYLINE DR,FORT WORTH,TX,76114,1.0
150,SENIOR CARE OF WESTERN HILLS,512 DRAPER DR,TEMPLE,TX,76504,4.0
151,EDEN HOME INC,631 LAKEVIEW BLVD,NEW BRAUNFELS,TX,78130,5.0
152,GUADALUPE VALLEY NURSING CENTER,1210 EASTWOOD DR,SEGUIN,TX,78155,4.0
153,CLAIRMONT LONGVIEW,3201 N FOURTH ST,LONGVIEW,TX,75605,4.0
154,PARK MANOR OF THE WOODLANDS,1014 WINDSOR LAKE BOULEVARD,THE WOODLANDS,TX,77384,5.0
155,PARK MANOR OF THE WOODLANDS,1014 WINDSOR LAKE BOULEVARD,THE WOODLANDS,TX,77384,5.0
156,KLEBERG COUNTY NURSING AND REHABILITATION LP,316 GENERAL CAVAZOS BLVD,KINGSVILLE,TX,78363,4.0
157,KLEBERG COUNTY NURSING AND REHABILITATION LP,316 GENERAL CAVAZOS BLVD,KINGSVILLE,TX,78363,4.0
158,KLEBERG COUNTY NURSING AND REHABILITATION LP,316 GENERAL CAVAZOS BLVD,KINGSVILLE,TX,78363,4.0
159,KLEBERG COUNTY NURSING AND REHABILITATION LP,316 GENERAL CAVAZOS BLVD,KINGSVILLE,TX,78363,4.0
160,KLEBERG COUNTY NURSING AND REHABILITATION LP,316 GENERAL CAVAZOS BLVD,KINGSVILLE,TX,78363,4.0
161,KLEBERG COUNTY NURSING AND REHABILITATION LP,316 GENERAL CAVAZOS BLVD,KINGSVILLE,TX,78363,4.0
162,GREEN VALLEY HEALTHCARE AND REHABILITATION CENTER,6850 RUFE SNOW DR,FORT WORTH,TX,76148,4.0
163,GREEN VALLEY HEALTHCARE AND REHABILITATION CENTER,6850 RUFE SNOW DR,FORT WORTH,TX,76148,4.0
164,TERRACE WEST NURSING AND REHABILITATION LP,2800 MIDLAND DR,MIDLAND,TX,79707,3.0
165,TERRACE WEST NURSING AND REHABILITATION LP,2800 MIDLAND DR,MIDLAND,TX,79707,3.0
166,TERRACE WEST NURSING AND REHABILITATION LP,2800 MIDLAND DR,MIDLAND,TX,79707,3.0
167,TERRACE WEST NURSING AND REHABILITATION LP,2800 MIDLAND DR,MIDLAND,TX,79707,3.0
168,PASADENA CARE CENTER,4006 VISTA RD,PASADENA,TX,77504,7.0
169,PASADENA CARE CENTER,4006 VISTA RD,PASADENA,TX,77504,7.0
170,PASADENA CARE CENTER,4006 VISTA RD,PASADENA,TX,77504,7.0
171,PASADENA CARE CENTER,4006 VISTA RD,PASADENA,TX,77504,7.0
172,PASADENA CARE CENTER,4006 VISTA RD,PASADENA,TX,77504,7.0
173,LEGEND OAKS HEALTHCARE AND REHABILITATION - NORTH/,12921 MISTY WILLOW DR,HOUSTON,TX,77070,18.0
174,LEGEND OAKS HEALTHCARE AND REHABILITATION - NORTH/,12921 MISTY WILLOW DR,HOUSTON,TX,77070,18.0
175,LEGEND OAKS HEALTHCARE AND REHABILITATION - NORTH/,12921 MISTY WILLOW DR,HOUSTON,TX,77070,18.0
176,LEGEND OAKS HEALTHCARE AND REHABILITATION - NORTH/,12921 MISTY WILLOW DR,HOUSTON,TX,77070,18.0
177,LEGEND OAKS HEALTHCARE AND REHABILITATION - NORTH/,12921 MISTY WILLOW DR,HOUSTON,TX,77070,18.0
178,LEGEND OAKS HEALTHCARE AND REHABILITATION - NORTH/,12921 MISTY WILLOW DR,HOUSTON,TX,77070,18.0
179,LEGEND OAKS HEALTHCARE AND REHABILITATION - NORTH/,12921 MISTY WILLOW DR,HOUSTON,TX,77070,18.0
180,LEGEND OAKS HEALTHCARE AND REHABILITATION - NORTH/,12921 MISTY WILLOW DR,HOUSTON,TX,77070,18.0
181,LEGEND OAKS HEALTHCARE AND REHABILITATION - NORTH/,12921 MISTY WILLOW DR,HOUSTON,TX,77070,18.0
182,CROSS COUNTRY HEALTHCARE CENTER,1514 INDIAN CREEK RD,BROWNWOOD,TX,76801,3.0
183,CROSS COUNTRY HEALTHCARE CENTER,1514 INDIAN CREEK RD,BROWNWOOD,TX,76801,3.0
184,EDGEWOOD REHABILITATION AND CARE CENTER,1101 WINDBELL DR,MESQUITE,TX,75149,6.0
185,TRAIL LAKE NURSING & REHABILITATION,7100 TRAIL LAKE DR,FORT WORTH,TX,76133,3.0
186,TRAIL LAKE NURSING & REHABILITATION,7100 TRAIL LAKE DR,FORT WORTH,TX,76133,3.0
187,LEGACY NURSING AND REHABILITATION,2202 N TRAVIS AVE,CAMERON,TX,76520,3.0
188,PINECREST NURSING & REHABILITATION CENTER,3505 OLD JACKSONVILLE RD,TYLER,TX,75701,3.0
189,PINECREST NURSING & REHABILITATION CENTER,3505 OLD JACKSONVILLE RD,TYLER,TX,75701,3.0
190,PINECREST NURSING & REHABILITATION CENTER,3505 OLD JACKSONVILLE RD,TYLER,TX,75701,3.0
191,"REMARKABLE HEALTHCARE OF DALLAS, LP",3350 BONNIE VIEW ROAD,DALLAS,TX,75216,1.0
192,"REMARKABLE HEALTHCARE OF DALLAS, LP",3350 BONNIE VIEW ROAD,DALLAS,TX,75216,1.0
193,WESTRIDGE NURSING AND REHABILITATION LP,1241 WESTRIDGE AVE,LANCASTER,TX,75146,1.0
194,WESTRIDGE NURSING AND REHABILITATION LP,1241 WESTRIDGE AVE,LANCASTER,TX,75146,1.0
195,WESTRIDGE NURSING AND REHABILITATION LP,1241 WESTRIDGE AVE,LANCASTER,TX,75146,1.0
196,CRESTVIEW HEALTHCARE RESIDENCE,1400 LAKE SHORE DR,WACO,TX,76708,6.0
197,CRESTVIEW HEALTHCARE RESIDENCE,1400 LAKE SHORE DR,WACO,TX,76708,6.0
198,CRESTVIEW HEALTHCARE RESIDENCE,1400 LAKE SHORE DR,WACO,TX,76708,6.0
199,BRENTWOOD PLACE ONE,3505 S BUCKNER BLVD BLDG 2,DALLAS,TX,75227,4.0
200,BRIGHTPOINTE AT LYTLE LAKE,1201 CLARKS DR,ABILENE,TX,79602,5.0
201,BRIGHTPOINTE AT LYTLE LAKE,1201 CLARKS DR,ABILENE,TX,79602,5.0
202,HOGAN PARK NURSING & REHABILITATION,3203 SAGE ST,MIDLAND,TX,79705,4.0
203,HOGAN PARK NURSING & REHABILITATION,3203 SAGE ST,MIDLAND,TX,79705,4.0
204,HOGAN PARK NURSING & REHABILITATION,3203 SAGE ST,MIDLAND,TX,79705,4.0
205,MSHC THE WATERTON AT COWHORN CREEK LLC,5524 COWHORN CREEK,TEXARKANA,TX,75503,1.0
206,MSHC THE WATERTON AT COWHORN CREEK LLC,5524 COWHORN CREEK,TEXARKANA,TX,75503,1.0
207,MSHC THE WATERTON AT COWHORN CREEK LLC,5524 COWHORN CREEK,TEXARKANA,TX,75503,1.0
208,BRENTWOOD PLACE TWO,3505  S BUCKNER BLVD BLDG 3,DALLAS,TX,75227,5.0
209,THE OAKS AT RADFORD HILLS,725 MEDICAL DR,ABILENE,TX,79601,1.0
210,THE OAKS AT RADFORD HILLS,725 MEDICAL DR,ABILENE,TX,79601,1.0
211,SILVERADO HERMANN PARK,5600 CHENEVERT STREET,HOUSTON,TX,77004,10.0
212,SILVERADO HERMANN PARK,5600 CHENEVERT STREET,HOUSTON,TX,77004,10.0
213,SILVERADO HERMANN PARK,5600 CHENEVERT STREET,HOUSTON,TX,77004,10.0
214,WHISPERING PINES LODGE,2131 ALPINE RD,LONGVIEW,TX,75601,3.0
215,WHISPERING PINES LODGE,2131 ALPINE RD,LONGVIEW,TX,75601,3.0
216,WHISPERING PINES LODGE,2131 ALPINE RD,LONGVIEW,TX,75601,3.0
217,WHISPERING PINES LODGE,2131 ALPINE RD,LONGVIEW,TX,75601,3.0
218,WHISPERING PINES LODGE,2131 ALPINE RD,LONGVIEW,TX,75601,3.0
219,ARBOR GRACE WELLNESS CENTER,1241 W MARSHALL HOWARD BLVD,LITTLEFIELD,TX,79339,2.0
220,ARBOR GRACE WELLNESS CENTER,1241 W MARSHALL HOWARD BLVD,LITTLEFIELD,TX,79339,2.0
221,MISSION CARE CENTERS-ALL SEASONS,6150 S LOOP EAST,HOUSTON,TX,77087,4.0
222,COPPERAS HOLLOW NURSING & REHABILITATION CENTER,345 COUNTRY CLUB DR,CALDWELL,TX,77836,7.0
223,COPPERAS HOLLOW NURSING & REHABILITATION CENTER,345 COUNTRY CLUB DR,CALDWELL,TX,77836,7.0
224,COPPERAS HOLLOW NURSING & REHABILITATION CENTER,345 COUNTRY CLUB DR,CALDWELL,TX,77836,7.0
225,INSPIRE NEW BOSTON,210 RICE ST,NEW BOSTON,TX,75570,10.0
226,INSPIRE NEW BOSTON,210 RICE ST,NEW BOSTON,TX,75570,10.0
227,INSPIRE NEW BOSTON,210 RICE ST,NEW BOSTON,TX,75570,10.0
228,INSPIRE NEW BOSTON,210 RICE ST,NEW BOSTON,TX,75570,10.0
229,INSPIRE NEW BOSTON,210 RICE ST,NEW BOSTON,TX,75570,10.0
230,INSPIRE NEW BOSTON,210 RICE ST,NEW BOSTON,TX,75570,10.0
231,INSPIRE NEW BOSTON,210 RICE ST,NEW BOSTON,TX,75570,10.0
232,STAMFORD RESIDENCE AND REHABILITATION CENTER,1003 COLUMBIA,STAMFORD,TX,79553,5.0
233,SENIOR REHABILITATION & SKILLED NURSING CENTER,8825 LAMPLIGHTER LN,PORT ARTHUR,TX,77642,2.0
234,SENIOR REHABILITATION & SKILLED NURSING CENTER,8825 LAMPLIGHTER LN,PORT ARTHUR,TX,77642,2.0
235,SENIOR REHABILITATION & SKILLED NURSING CENTER,8825 LAMPLIGHTER LN,PORT ARTHUR,TX,77642,2.0
236,COLONIAL NURSING & REHABILITATION CENTER,508 PIERCE ST,LINDALE,TX,75771,1.0
237,COLONIAL NURSING & REHABILITATION CENTER,508 PIERCE ST,LINDALE,TX,75771,1.0
238,LAKESIDE NURSING AND REHABILITATION CENTER,8707 LAKESIDE PARKWAY,SAN ANTONIO,TX,78245,5.0
239,LAKESIDE NURSING AND REHABILITATION CENTER,8707 LAKESIDE PARKWAY,SAN ANTONIO,TX,78245,5.0
240,ROBERT LEE CARE CENTER,307 WEST 8TH ST,ROBERT LEE,TX,76945,2.0
241,VISTA NURSING AND REHABILITATION CENTER,4300 VISTA RD,PASADENA,TX,77504,3.0
242,MERIDIAN CARE AT GRAYSON SQUARE,815  E  GRAYSON  ST,SAN ANTONIO,TX,78208,3.0
243,MERIDIAN CARE AT GRAYSON SQUARE,815  E  GRAYSON  ST,SAN ANTONIO,TX,78208,3.0
244,MERIDIAN CARE AT GRAYSON SQUARE,815  E  GRAYSON  ST,SAN ANTONIO,TX,78208,3.0
245,SAN REMO,3550 N SHILOH RD,RICHARDSON,TX,75082,3.0
246,CLYDE NURSING CENTER,806 STEPHENS ST,CLYDE,TX,79510,2.0
247,CLYDE NURSING CENTER,806 STEPHENS ST,CLYDE,TX,79510,2.0
248,EMERALD HILLS REHABILITATION AND HEALTHCARE CENTER,5600 DAVIS BLVD,NORTH RICHLAND HILLS,TX,76180,5.0
249,CEDAR HILL HEALTHCARE CENTER,230 S CLARK RD,CEDAR HILL,TX,75104,2.0
250,CEDAR HILL HEALTHCARE CENTER,230 S CLARK RD,CEDAR HILL,TX,75104,2.0
251,BALLINGER HEALTHCARE AND REHABILITATION CENTER,2001 6TH ST,BALLINGER,TX,76821,2.0
252,GOLDEN CREEK HEALTHCARE AND REHABILITATION CENTER,2100 DOVER CROSSING LANE,NAVASOTA,TX,77868,5.0
253,GOLDEN CREEK HEALTHCARE AND REHABILITATION CENTER,2100 DOVER CROSSING LANE,NAVASOTA,TX,77868,5.0
254,RIVERWOOD HEALTHCARE,600 BACON ST,MADISONVILLE,TX,77864,3.0
255,RIVERWOOD HEALTHCARE,600 BACON ST,MADISONVILLE,TX,77864,3.0
256,FOCUSED CARE OF CENTER,501 TIMPSON,CENTER,TX,75935,5.0
257,FOCUSED CARE OF CENTER,501 TIMPSON,CENTER,TX,75935,5.0
258,FOCUSED CARE OF CENTER,501 TIMPSON,CENTER,TX,75935,5.0
259,OCEANVIEW HEALTHCARE AND REHABILITATION,519 NINTH AVE N,TEXAS CITY,TX,77590,2.0
260,OCEANVIEW HEALTHCARE AND REHABILITATION,519 NINTH AVE N,TEXAS CITY,TX,77590,2.0
261,BREMOND NURSING AND REHABILITATION CENTER,211 N MAIN,BREMOND,TX,76629,2.0
262,BREMOND NURSING AND REHABILITATION CENTER,211 N MAIN,BREMOND,TX,76629,2.0
263,BREMOND NURSING AND REHABILITATION CENTER,211 N MAIN,BREMOND,TX,76629,2.0
264,BREMOND NURSING AND REHABILITATION CENTER,211 N MAIN,BREMOND,TX,76629,2.0
265,CORINTH REHABILITATION SUITES ON THE PARKWAY,3511 CORINTH PARKWAY,CORINTH,TX,76208,7.0
266,CORINTH REHABILITATION SUITES ON THE PARKWAY,3511 CORINTH PARKWAY,CORINTH,TX,76208,7.0
267,LEGEND OAKS HEALTHCARE AND REHABILITATION - ENNIS,1400 MEDICAL CENTER DRIVE,ENNIS,TX,75119,1.0
268,BRIARCLIFF SKILLED NURSING FACILITY,4054 NORTHWEST LOOP,CARTHAGE,TX,75633,6.0
269,BRIARCLIFF SKILLED NURSING FACILITY,4054 NORTHWEST LOOP,CARTHAGE,TX,75633,6.0
270,REGENT CARE CENTER OF LAREDO,7001 MCPHERSON RD,LAREDO,TX,78041,1.0
271,REGENT CARE CENTER OF LAREDO,7001 MCPHERSON RD,LAREDO,TX,78041,1.0
272,WEST HOUSTON REHABILITATION AND HEALTHCARE CENTER,13428 BISSONNET,HOUSTON,TX,77083,3.0
273,WEST HOUSTON REHABILITATION AND HEALTHCARE CENTER,13428 BISSONNET,HOUSTON,TX,77083,3.0
274,THE COURTYARDS AT PASADENA,4048 RED BLUFF ROAD,PASADENA,TX,77503,5.0
275,JEFFERSON NURSING AND REHABILITATION CENTER,3840 POINTE PARKWAY,BEAUMONT,TX,77706,1.0
276,JEFFERSON NURSING AND REHABILITATION CENTER,3840 POINTE PARKWAY,BEAUMONT,TX,77706,1.0
277,PALOMINO PLACE,3160 GUS THOMASSON ROAD,MESQUITE,TX,75150,3.0
278,HERITAGE TRAILS NURSING AND REHABILITATION CENTER,301 LINCOLN PARK DR,CLEBURNE,TX,76033,3.0
279,HERITAGE TRAILS NURSING AND REHABILITATION CENTER,301 LINCOLN PARK DR,CLEBURNE,TX,76033,3.0
280,HERITAGE TRAILS NURSING AND REHABILITATION CENTER,301 LINCOLN PARK DR,CLEBURNE,TX,76033,3.0
281,HERITAGE GARDENS REHABILITATION AND HEALTHCARE,2135 N DENTON DR,CARROLLTON,TX,75006,1.0
282,HERITAGE GARDENS REHABILITATION AND HEALTHCARE,2135 N DENTON DR,CARROLLTON,TX,75006,1.0
283,HERITAGE GARDENS REHABILITATION AND HEALTHCARE,2135 N DENTON DR,CARROLLTON,TX,75006,1.0
284,THE WESTBURY PLACE,5201 S WILLOW DR,HOUSTON,TX,77035,8.0
285,THE WESTBURY PLACE,5201 S WILLOW DR,HOUSTON,TX,77035,8.0
286,THE WESTBURY PLACE,5201 S WILLOW DR,HOUSTON,TX,77035,8.0
287,THE WESTBURY PLACE,5201 S WILLOW DR,HOUSTON,TX,77035,8.0
288,SILVER SPRING,1690 N. TREADWAY BLVD.,ABILENE,TX,79601,5.0
289,SILVER SPRING,1690 N. TREADWAY BLVD.,ABILENE,TX,79601,5.0
290,SILVER SPRING,1690 N. TREADWAY BLVD.,ABILENE,TX,79601,5.0
291,SILVER SPRING,1690 N. TREADWAY BLVD.,ABILENE,TX,79601,5.0
292,SILVER SPRING,1690 N. TREADWAY BLVD.,ABILENE,TX,79601,5.0
293,RIVER OAKS HEALTH AND REHABILITATION CENTER,2416 NW 18TH ST,FORT WORTH,TX,76106,1.0
294,TRISUN CARE CENTER-WESTWOOD,801 CANTWELL LN,CORPUS CHRISTI,TX,78408,3.0
295,TRISUN CARE CENTER-WESTWOOD,801 CANTWELL LN,CORPUS CHRISTI,TX,78408,3.0
296,TRISUN CARE CENTER-WESTWOOD,801 CANTWELL LN,CORPUS CHRISTI,TX,78408,3.0
297,LEGEND OAKS HEALTHCARE AND REHABILITATION CENTER,15880 WALLISVILLE ROAD,HOUSTON,TX,77049,5.0
298,GALLERIA RESIDENCE AND REHABILITATION CENTER,2808 STONEYBROOK DRIVE,HOUSTON,TX,77063,6.0
299,GALLERIA RESIDENCE AND REHABILITATION CENTER,2808 STONEYBROOK DRIVE,HOUSTON,TX,77063,6.0
300,GALLERIA RESIDENCE AND REHABILITATION CENTER,2808 STONEYBROOK DRIVE,HOUSTON,TX,77063,6.0
301,GALLERIA RESIDENCE AND REHABILITATION CENTER,2808 STONEYBROOK DRIVE,HOUSTON,TX,77063,6.0
302,LAKE SHORE VILLAGE HEALTHCARE CENTER,2320 LAKE SHORE DR,WACO,TX,76708,2.0
303,LAKE SHORE VILLAGE HEALTHCARE CENTER,2320 LAKE SHORE DR,WACO,TX,76708,2.0
304,KINDRED TRANSITIONAL CARE AND REHABILITATION-MANSF,301 N MILLER RD,MANSFIELD,TX,76063,2.0
305,KINDRED TRANSITIONAL CARE AND REHABILITATION-MANSF,301 N MILLER RD,MANSFIELD,TX,76063,2.0
306,CONROE HEALTH CARE CENTER,2019 N FRAZIER,CONROE,TX,77301,5.0
307,CONROE HEALTH CARE CENTER,2019 N FRAZIER,CONROE,TX,77301,5.0
308,GARDEN VILLA NURSING HOME,106 DEL NORTE DR,EL CAMPO,TX,77437,2.0
309,THE LENNWOOD NURSING AND REHABILITATION,8017 W VIRGINIA DR,DALLAS,TX,75237,6.0
310,THE LENNWOOD NURSING AND REHABILITATION,8017 W VIRGINIA DR,DALLAS,TX,75237,6.0
311,THE LENNWOOD NURSING AND REHABILITATION,8017 W VIRGINIA DR,DALLAS,TX,75237,6.0
312,THE LENNWOOD NURSING AND REHABILITATION,8017 W VIRGINIA DR,DALLAS,TX,75237,6.0
313,TRINITY NURSING AND REHABILITATION OF GRANBURY LP,600 REUNION COURT,GRANBURY,TX,76048,4.0
314,TRINITY NURSING AND REHABILITATION OF GRANBURY LP,600 REUNION COURT,GRANBURY,TX,76048,4.0
315,CHEROKEE TRAILS NURSING HOME,330 E BAGLEY RD,RUSK,TX,75785,3.0
316,CHEROKEE TRAILS NURSING HOME,330 E BAGLEY RD,RUSK,TX,75785,3.0
317,CHEROKEE TRAILS NURSING HOME,330 E BAGLEY RD,RUSK,TX,75785,3.0
318,CHEROKEE TRAILS NURSING HOME,330 E BAGLEY RD,RUSK,TX,75785,3.0
319,LANCASTER LTC PARTNERS INC,1515 N ELM ST,LANCASTER,TX,75134,3.0
320,LANCASTER LTC PARTNERS INC,1515 N ELM ST,LANCASTER,TX,75134,3.0
321,LANCASTER LTC PARTNERS INC,1515 N ELM ST,LANCASTER,TX,75134,3.0
322,LAPORTE HEALTHCARE CENTER,208 SOUTH UTAH,LA PORTE,TX,77571,4.0
323,LAPORTE HEALTHCARE CENTER,208 SOUTH UTAH,LA PORTE,TX,77571,4.0
324,CEDAR CREEK NURSING AND REHABILITATION CENTER,159 MONTAGUE AVE,BANDERA,TX,78003,5.0
325,AMBROSIO GUILLEN TEXAS STATE VETERANS HOME,9650 KENWORTHY ST,EL PASO,TX,79924,3.0
326,WOODRIDGE NURSING & REHABILITATION,1500 AUTUMN DR,GRAPEVINE,TX,76051,1.0
327,WOODRIDGE NURSING & REHABILITATION,8810 LONG POINT DR,HOUSTON,TX,77055,1.0
328,WOODRIDGE NURSING & REHABILITATION,1500 AUTUMN DR,GRAPEVINE,TX,76051,1.0
329,WOODRIDGE NURSING & REHABILITATION,1500 AUTUMN DR,GRAPEVINE,TX,76051,1.0
330,WOODRIDGE NURSING & REHABILITATION,8810 LONG POINT DR,HOUSTON,TX,77055,1.0
331,WOODRIDGE NURSING & REHABILITATION,8810 LONG POINT DR,HOUSTON,TX,77055,1.0
332,WOODRIDGE NURSING & REHABILITATION,8810 LONG POINT DR,HOUSTON,TX,77055,1.0
333,HOMEPLACE MANOR,425 SW AVE F,HAMLIN,TX,79520,4.0
334,MOUNTAIN VILLA NURSING CENTER,2729 PORTER AVE,EL PASO,TX,79930,2.0
335,MOUNTAIN VILLA NURSING CENTER,2729 PORTER AVE,EL PASO,TX,79930,2.0
336,PECAN VALLEY HEALTHCARE RESIDENCE,1405 W STOREY ST,SAN SABA,TX,76877,5.0
337,PECAN VALLEY HEALTHCARE RESIDENCE,1405 W STOREY ST,SAN SABA,TX,76877,5.0
338,THE MEDICAL RESORT AT SUGAR LAND,1803 WESCOTT AVENUE,SUGAR LAND,TX,77479,7.0
339,THE MEDICAL RESORT AT SUGAR LAND,1803 WESCOTT AVENUE,SUGAR LAND,TX,77479,7.0
340,THE MEDICAL RESORT AT SUGAR LAND,1803 WESCOTT AVENUE,SUGAR LAND,TX,77479,7.0
341,OAKWOOD NURSING AND REHABILITATION LP,301 W RANDOL MILL RD,ARLINGTON,TX,76011,3.0
342,OAKWOOD NURSING AND REHABILITATION LP,301 W RANDOL MILL RD,ARLINGTON,TX,76011,3.0
343,THE WATERTON HEALTHCARE & REHABILITATION,2875 SHILOH ROAD,TYLER,TX,75703,5.0
344,THE WATERTON HEALTHCARE & REHABILITATION,2875 SHILOH ROAD,TYLER,TX,75703,5.0
345,SNYDER OAKS CARE CENTER,210 E 37TH ST,SNYDER,TX,79549,1.0
346,SNYDER OAKS CARE CENTER,210 E 37TH ST,SNYDER,TX,79549,1.0
347,DEERINGS NURSING AND REHABILITATION LP,1020 N COUNTY RD WEST,ODESSA,TX,79763,1.0
348,DEERINGS NURSING AND REHABILITATION LP,1020 N COUNTY RD WEST,ODESSA,TX,79763,1.0
349,DEERINGS NURSING AND REHABILITATION LP,1020 N COUNTY RD WEST,ODESSA,TX,79763,1.0
350,"OAK VILLAGE HEALTHCARE LTC PARTNERS, INC",204 OAK DRIVE SOUTH,LAKE JACKSON,TX,77566,6.0
351,"OAK VILLAGE HEALTHCARE LTC PARTNERS, INC",204 OAK DRIVE SOUTH,LAKE JACKSON,TX,77566,6.0
352,CHELSEA GARDENS,4422 RIVERSTONE BLVD,MISSOURI CITY,TX,77459,2.0
353,CHELSEA GARDENS,4422 RIVERSTONE BLVD,MISSOURI CITY,TX,77459,2.0
354,CHELSEA GARDENS,4422 RIVERSTONE BLVD,MISSOURI CITY,TX,77459,2.0
355,CHELSEA GARDENS,4422 RIVERSTONE BLVD,MISSOURI CITY,TX,77459,2.0
356,REGENT CARE CENTER OF EL PASO,10880 EDGEMERE BLVD,EL PASO,TX,79935,1.0
357,REGENT CARE CENTER OF EL PASO,10880 EDGEMERE BLVD,EL PASO,TX,79935,1.0
358,REGENT CARE CENTER OF EL PASO,10880 EDGEMERE BLVD,EL PASO,TX,79935,1.0
359,THE COLONNADES AT REFLECTION BAY,12001 SHADOW CREEK PARKWAY,PEARLAND,TX,77584,5.0
360,THE COLONNADES AT REFLECTION BAY,12001 SHADOW CREEK PARKWAY,PEARLAND,TX,77584,5.0
361,THE COLONNADES AT REFLECTION BAY,12001 SHADOW CREEK PARKWAY,PEARLAND,TX,77584,5.0
362,THE COLONNADES AT REFLECTION BAY,12001 SHADOW CREEK PARKWAY,PEARLAND,TX,77584,5.0
363,FARWELL CARE AND REHABILITATION CENTER,305 FIFTH ST,FARWELL,TX,79325,5.0
364,BROWNWOOD NURSING AND REHABILITATION LP,101 MILLER DR,BROWNWOOD,TX,76801,4.0
365,BROWNWOOD NURSING AND REHABILITATION LP,101 MILLER DR,BROWNWOOD,TX,76801,4.0
366,BROWNWOOD NURSING AND REHABILITATION LP,101 MILLER DR,BROWNWOOD,TX,76801,4.0
367,ROSENBERG HEALTH & REHABILITATION CENTER,1419 MAHLMAN ST,ROSENBERG,TX,77471,4.0
368,THE CARLYLE AT STONEBRIDGE PARK,170 STONEBRIDGE LANE,SOUTHLAKE,TX,76092,4.0
369,THE CARLYLE AT STONEBRIDGE PARK,170 STONEBRIDGE LANE,SOUTHLAKE,TX,76092,4.0
370,HERITAGE HEALTHCARE RESIDENCE,1026 E GOODE ST,QUITMAN,TX,75783,7.0
371,HERITAGE HEALTHCARE RESIDENCE,1026 E GOODE ST,QUITMAN,TX,75783,7.0
372,HERITAGE HEALTHCARE RESIDENCE,1026 E GOODE ST,QUITMAN,TX,75783,7.0
373,SENIOR CARE OF SAN ANGELO,5455 KNICKERBOCKER RD,SAN ANGELO,TX,76904,2.0
374,SENIOR CARE OF SAN ANGELO,5455 KNICKERBOCKER RD,SAN ANGELO,TX,76904,2.0
375,PINE TREE LODGE NURSING CENTER,2711 PINE TREE RD,LONGVIEW,TX,75604,1.0
376,PINE TREE LODGE NURSING CENTER,2711 PINE TREE RD,LONGVIEW,TX,75604,1.0
377,REUNION PLAZA SENIOR CARE AND REHABILITATION CENTE,1401 HAMPTON RD,TEXARKANA,TX,75503,4.0
378,REUNION PLAZA SENIOR CARE AND REHABILITATION CENTE,1401 HAMPTON RD,TEXARKANA,TX,75503,4.0
379,REUNION PLAZA SENIOR CARE AND REHABILITATION CENTE,1401 HAMPTON RD,TEXARKANA,TX,75503,4.0
380,ASHFORD GARDENS,7210 NORTHLINE DR,HOUSTON,TX,77076,7.0
381,ASHFORD GARDENS,7210 NORTHLINE DR,HOUSTON,TX,77076,7.0
382,FOCUSED CARE AT ALLENBROOK,4109 ALLENBROOK DR,BAYTOWN,TX,77521,6.0
383,THE CONCIERGE,2310 SOUTH ELDRIDGE PARKWAY,HOUSTON,TX,77077,4.0
384,MYSTIC PARK NURSING & REHAB CENTER,8503 MYSTIC PARK,SAN ANTONIO,TX,78254,4.0
385,LAS VENTANAS DE SOCORRO,10064 ALAMEDA AVENUE,SOCORRO,TX,79927,4.0
386,LAS VENTANAS DE SOCORRO,10064 ALAMEDA AVENUE,SOCORRO,TX,79927,4.0
387,LAS VENTANAS DE SOCORRO,10064 ALAMEDA AVENUE,SOCORRO,TX,79927,4.0
388,NORTHGATE PLAZA NURSING & REHABILITATION CENTER,2101 NORTHGATE DR,IRVING,TX,75062,5.0
389,RANGER CARE CENTER,460 W MAIN ST,RANGER,TX,76470,3.0
390,RANGER CARE CENTER,460 W MAIN ST,RANGER,TX,76470,3.0
391,FALCON RIDGE REHABILITATION,149 KLATTENHOFF LANE,HUTTO,TX,78634,3.0
392,FALCON RIDGE REHABILITATION,149 KLATTENHOFF LANE,HUTTO,TX,78634,3.0
393,FALCON RIDGE REHABILITATION,149 KLATTENHOFF LANE,HUTTO,TX,78634,3.0
394,PITTSBURG NURSING CENTER,123 PECAN GROVE,PITTSBURG,TX,75686,3.0
395,PITTSBURG NURSING CENTER,123 PECAN GROVE,PITTSBURG,TX,75686,3.0
396,PITTSBURG NURSING CENTER,123 PECAN GROVE,PITTSBURG,TX,75686,3.0
397,FREE STATE CRESTWOOD,1448 HOUSTON ST,WILLS POINT,TX,75169,6.0
398,FREE STATE CRESTWOOD,1448 HOUSTON ST,WILLS POINT,TX,75169,6.0
399,FREE STATE CRESTWOOD,1448 HOUSTON ST,WILLS POINT,TX,75169,6.0
400,NORMANDY TERRACE NURSING & REHABILITATION CENTER,841 RICE RD,SAN ANTONIO,TX,78220,6.0
401,RETAMA MANOR/LAREDO SOUTH,1100 GALVESTON,LAREDO,TX,78040,8.0
402,RETAMA MANOR/LAREDO SOUTH,1100 GALVESTON,LAREDO,TX,78040,8.0
403,BELTERRA HEALTH & REHAB,2170 NORTH LAKE FOREST DRIVE,MCKINNEY,TX,75071,2.0
404,THE HEIGHTS OF TYLER,2650 ELKTON TRAIL,TYLER,TX,75703,2.0
405,THE HEIGHTS OF TYLER,2650 ELKTON TRAIL,TYLER,TX,75703,2.0
406,SENIOR CARE HEALTH & REHABILITATION CENTER-DENTON,2244 BRINKER RD,DENTON,TX,76208,4.0
407,SHADY ACRES HEALTH AND REHABILITATION CENTER,405 SHADY ACRES LANE,NEWTON,TX,75966,6.0
408,LAKE VILLAGE NURSING AND REHABILITATION CENTER,169 LAKE PARK RD,LEWISVILLE,TX,75057,3.0
409,WINTERHAVEN HEALTHCARE RESIDENCE,6534 STUEBNER AIRLINE RD,HOUSTON,TX,77091,5.0
410,WINTERHAVEN HEALTHCARE RESIDENCE,6534 STUEBNER AIRLINE RD,HOUSTON,TX,77091,5.0
411,WINTERHAVEN HEALTHCARE RESIDENCE,6534 STUEBNER AIRLINE RD,HOUSTON,TX,77091,5.0
412,WINTERHAVEN HEALTHCARE RESIDENCE,6534 STUEBNER AIRLINE RD,HOUSTON,TX,77091,5.0
413,ARLINGTON VILLA RETIREMENT COMMUNITY,2601 W RANDOL MILL RD,ARLINGTON,TX,76012,1.0
414,TRISUN CARE CENTER-COASTAL PALMS,221 CEDAR DR,PORTLAND,TX,78374,7.0
415,CRESTVIEW COURT,224 W PLEASANT RUN RD,CEDAR HILL,TX,75104,1.0
416,CRESTVIEW COURT,224 W PLEASANT RUN RD,CEDAR HILL,TX,75104,1.0
417,SAN SABA REHABILITATION LP,2400 WEST BROWN STREET,SAN SABA,TX,76877,2.0
418,BUENA VIDA NURSING AND REHAB ODESSA,3800 ENGLEWOOD LN,ODESSA,TX,79762,1.0
419,BUENA VIDA NURSING AND REHAB ODESSA,3800 ENGLEWOOD LN,ODESSA,TX,79762,1.0
420,OAK MANOR NURSING HOME,1200 FERGUSON ST,NACOGDOCHES,TX,75961,2.0
421,SENIOR CARE OF MEADOW CREEK,4343 OAK GROVE BLVD,SAN ANGELO,TX,76904,2.0
422,BROOKDALE PLACE WILLOWBROOK,13500 BRETON RIDGE,HOUSTON,TX,77070,4.0
423,VIBRALIFE OF EL PASO REHABILITATION CENTER,3421 JOE BATTLE BOULEVARD,EL PASO,TX,79936,2.0
424,RIVERSIDE NURSING & REHAB CENTER,6801 E RIVERSIDE DR,AUSTIN,TX,78741,3.0
425,ST GILES NURSING AND REHABILITATION CENTER,950 CAMINO DEL REY DRIVE,EL PASO,TX,79927,1.0
426,ST GILES NURSING AND REHABILITATION CENTER,950 CAMINO DEL REY DRIVE,EL PASO,TX,79927,1.0
427,HERITAGE OAKS,1112 GIBBINS RD,ARLINGTON,TX,76011,4.0
428,WILLOW SPRINGS HEALTH & REHABILITATION CENTER,4934 S 7TH ST,ABILENE,TX,79605,2.0
429,PENNSYLVANIA NURSING AND REHABILITATION CENTER,901 PENNSYLVANIA AVE,FORT WORTH,TX,76104,7.0
430,SOLERA AT WEST HOUSTON,2101 GREENHOUSE ROAD,HOUSTON,TX,77084,4.0
431,FT WORTH SOUTHWEST NURSING CENTER,5300 ALTA MESA BLVD,FORT WORTH,TX,76133,4.0
432,FT WORTH SOUTHWEST NURSING CENTER,5300 ALTA MESA BLVD,FORT WORTH,TX,76133,4.0
433,FT WORTH SOUTHWEST NURSING CENTER,5300 ALTA MESA BLVD,FORT WORTH,TX,76133,4.0
434,BENBROOK NURSING & REHABILITATION CENTER,1000 MCKINLEY ST,BENBROOK,TX,76126,12.0
435,"JACINTO NURSING & REHABILITATION CENTER, LLC",1405 HOLLAND,HOUSTON,TX,77029,9.0
436,"JACINTO NURSING & REHABILITATION CENTER, LLC",1405 HOLLAND,HOUSTON,TX,77029,9.0
437,"JACINTO NURSING & REHABILITATION CENTER, LLC",1405 HOLLAND,HOUSTON,TX,77029,9.0
438,"JACINTO NURSING & REHABILITATION CENTER, LLC",1405 HOLLAND,HOUSTON,TX,77029,9.0
439,LAMPSTAND NURSING AND REHABILITATION LP,2001 E 29TH ST,BRYAN,TX,77802,4.0
440,LAMPSTAND NURSING AND REHABILITATION LP,2001 E 29TH ST,BRYAN,TX,77802,4.0
441,THE REHABILITATION & WELLNESS CENTRE OF DALLAS LLC,4200 LIVE OAK ST,DALLAS,TX,75204,1.0
442,LAS PALMAS,369 MARS DR,COTULLA,TX,78014,4.0
443,RUNNINGWATER DRAW CARE CENTER INC,800  W  13TH  ST,OLTON,TX,79064,3.0
444,FRANKLIN NURSING HOME,700 HEARNE ST,FRANKLIN,TX,77856,3.0
445,BRIARWOOD NURSING & REHABILITATION,7633 BELLFORT,HOUSTON,TX,77061,4.0
446,BRIARWOOD NURSING & REHABILITATION,7633 BELLFORT,HOUSTON,TX,77061,4.0
447,WEST LAKE HEALTHCARE RESIDENCE,825 W KEARNEY,MESQUITE,TX,75149,5.0
448,TOMBALL REHAB & NURSING,815 N PEACH ST,TOMBALL,TX,77375,1.0
449,TOMBALL REHAB & NURSING,815 N PEACH ST,TOMBALL,TX,77375,1.0
450,CARTHAGE LTC PARTNERS INC,501 COTTAGE RD,CARTHAGE,TX,75633,1.0
451,GEORGIA MANOR NURSING HOME,2611 W 46TH AVE,AMARILLO,TX,79110,2.0
452,FORT STOCKTON LIVING & REHABILITATION,501 N SYCAMORE,FORT STOCKTON,TX,79735,4.0
453,CIBOLO CREEK,1440 RIVER RD,BOERNE,TX,78006,5.0
454,LEGEND OAKS HEALTH AND REHABILITATION - KATY,21727 PROVINCIAL BLVD,KATY,TX,77450,2.0
455,HERITAGE OAKS NURSING AND REHABILITATION CENTER,5301 UNIVERSITY AVE,LUBBOCK,TX,79413,3.0
456,HERITAGE OAKS NURSING AND REHABILITATION CENTER,5301 UNIVERSITY AVE,LUBBOCK,TX,79413,3.0
457,GREENVILLE GARDENS,3500 PARK ST,GREENVILLE,TX,75401,4.0
458,WHEELER NURSING & REHABILITATION,1000 S KIOWA ST,WHEELER,TX,79096,3.0
459,THE VILLAGE AT RICHARDSON,1111 ROCKINGHAM LN,RICHARDSON,TX,75080,4.0
460,THE VILLAGE AT RICHARDSON,1111 ROCKINGHAM LN,RICHARDSON,TX,75080,4.0
461,HILL COUNTRY CARE CENTER,111 HOSPITAL DR,JUNCTION,TX,76849,2.0
462,HILL COUNTRY CARE CENTER,111 HOSPITAL DR,JUNCTION,TX,76849,2.0
463,APEX SECURE CARE BROWNFIELD,1101 E LAKE ST,BROWNFIELD,TX,79316,3.0
464,APEX SECURE CARE BROWNFIELD,1101 E LAKE ST,BROWNFIELD,TX,79316,3.0
465,APEX SECURE CARE BROWNFIELD,1101 E LAKE ST,BROWNFIELD,TX,79316,3.0
466,SOUTH DALLAS NURSING & REHABILITATION,3808 S CENTRAL EXPWY,DALLAS,TX,75215,1.0
467,RIVER CITY CARE CENTER,921 NOLAN ST,SAN ANTONIO,TX,78202,4.0
468,RIVER CITY CARE CENTER,921 NOLAN ST,SAN ANTONIO,TX,78202,4.0
469,MITCHELL COUNTY NURSING AND REHABILITATION CENTER,1941 CHESTNUT ST,COLORADO CITY,TX,79512,4.0
470,MITCHELL COUNTY NURSING AND REHABILITATION CENTER,1941 CHESTNUT ST,COLORADO CITY,TX,79512,4.0
471,SENIOR CARE HEALTH AND REHABILITATION CENTER - DAL,2815 MARTIN LUTHER KING JR BLVD,DALLAS,TX,75215,3.0
472,BROOKDALE SPICEWOOD SPRINGS,4401 SPICEWOOD SPRINGS RD,AUSTIN,TX,78759,2.0
473,RENAISSANCE VILLA,700 DYER ST,ROCKDALE,TX,76567,2.0
474,MESA SPRINGS HEALTHCARE CENTER,7171 BUFFALO GAP RD,ABILENE,TX,79606,3.0
475,ROCKWOOD MANOR,2000 N MAIN,MIDLAND,TX,79705,6.0
476,REMARKABLE HEALTHCARE OF FORT WORTH,6649 N RIVERSIDE DR,FORT WORTH,TX,76137,1.0
477,CITYVIEW CARE CENTER,5801 BRYANT IRVIN RD,FORT WORTH,TX,76132,4.0
478,DECATUR NURSING AND REHABILITATION LP,605 W MULBERRY,DECATUR,TX,76234,3.0
479,RIDGEVIEW REHABILITATION AND SKILLED NURSING,206 WALLS DR,CLEBURNE,TX,76033,6.0
480,SUMMER PLACE NURSING & REHABILITATION,2485 S MAJOR DR,BEAUMONT,TX,77707,4.0
481,SENIOR CARE OF MIDLAND,3000 MOCKINGBIRD LN,MIDLAND,TX,79705,2.0
482,BRIARCLIFF HEALTH CENTER OF GREENVILLE INC,4400 WALNUT ST,GREENVILLE,TX,75401,3.0
483,ARBOR TERRACE HEALTHCARE CENTER,609 RIO CONCHO DR,SAN ANGELO,TX,76903,3.0
484,OASIS NURSING & REHABILITATION CENTER,9001 N LOOP,EL PASO,TX,79907,5.0
485,OASIS NURSING & REHABILITATION CENTER,9001 N LOOP,EL PASO,TX,79907,5.0
486,WHITESBORO HEALTH AND REHABILITATION CENTER,1204 SHERMAN DR,WHITESBORO,TX,76273,3.0
487,ROSE HAVEN RETREAT,200 LIVE OAK ST,ATLANTA,TX,75551,2.0
488,ESTATES HEALTHCARE AND REHABILITATION CENTER,201 SYCAMORE SCHOOL RD,FORT WORTH,TX,76134,5.0
489,CANTON OAKS,1901 S TRADE DAYS BLVD,CANTON,TX,75103,5.0
490,CIMARRON PLACE HEALTH & REHABILITATION CENTER,3801 CIMARRON,CORPUS CHRISTI,TX,78414,5.0
